{"stats":{"minecraft:picked_up":{"minecraft:charcoal":8,"minecraft:allium":8,"minecraft:azure_bluet":3,"minecraft:chicken":8,"minecraft:stone_brick_wall":9,"minecraft:stripped_cherry_log":1,"minecraft:cornflower":23,"minecraft:string":3,"minecraft:iron_axe":5,"minecraft:iron_leggings":3,"minecraft:cobbled_deepslate":4,"minecraft:beef":23,"minecraft:white_tulip":73,"minecraft:enchanted_golden_apple":2,"minecraft:poppy":4,"minecraft:iron_pickaxe":3,"minecraft:light_gray_wool":1,"minecraft:spruce_trapdoor":1,"minecraft:egg":1,"minecraft:stick":31,"minecraft:stone":70,"minecraft:torch":64,"minecraft:porkchop":34,"minecraft:stone_button":1,"minecraft:cherry_log":95,"minecraft:arrow":7,"minecraft:rotten_flesh":22,"minecraft:red_tulip":112,"minecraft:pink_tulip":26,"minecraft:nether_brick_wall":2,"minecraft:mutton":20,"minecraft:white_wool":7,"minecraft:cobblestone":120,"minecraft:oxeye_daisy":90,"minecraft:stripped_oak_log":3,"minecraft:pink_petals":325,"minecraft:feather":7,"minecraft:cooked_beef":13,"minecraft:cherry_leaves":6,"minecraft:salmon":281,"minecraft:leather":9,"minecraft:black_bed":4,"minecraft:brown_wool":1,"minecraft:oak_log":98,"minecraft:dirt":80,"minecraft:lantern":4,"minecraft:cooked_mutton":10,"minecraft:bone":7,"minecraft:stone_bricks":7,"minecraft:orange_tulip":67,"minecraft:wheat_seeds":42,"minecraft:oak_fence_gate":1,"minecraft:oak_planks":208,"minecraft:cooked_porkchop":71,"minecraft:dandelion":27,"minecraft:oak_pressure_plate":1,"minecraft:sand":2,"minecraft:grass_block":2,"minecraft:spider_eye":1,"minecraft:coal_ore":22,"minecraft:diamond":64,"minecraft:iron_helmet":5,"minecraft:diamond_axe":1,"minecraft:cherry_sapling":573,"minecraft:oak_sapling":12,"minecraft:oak_leaves":12,"minecraft:coal":210,"minecraft:sunflower":2},"minecraft:broken":{"minecraft:iron_pickaxe":2},"minecraft:mined":{"minecraft:nether_brick_wall":2,"minecraft:cherry_log":101,"minecraft:cherry_sapling":17,"minecraft:stripped_cherry_log":1,"minecraft:allium":4,"minecraft:stone_brick_wall":10,"minecraft:grass_block":11,"minecraft:oxeye_daisy":81,"minecraft:azure_bluet":3,"minecraft:red_tulip":90,"minecraft:lantern":3,"minecraft:stripped_oak_log":4,"minecraft:pink_tulip":15,"minecraft:stone":92,"minecraft:white_tulip":54,"minecraft:kelp_plant":1,"minecraft:dandelion":24,"minecraft:cornflower":13,"minecraft:torch":3,"minecraft:short_grass":212,"minecraft:poppy":4,"minecraft:campfire":7,"minecraft:glass":1,"minecraft:tall_grass":53,"minecraft:cobblestone":4,"minecraft:oak_planks":16,"minecraft:wall_torch":6,"minecraft:pink_petals":16,"minecraft:orange_tulip":20,"minecraft:black_bed":3,"minecraft:oak_log":37,"minecraft:coal_ore":31,"minecraft:oak_fence_gate":1,"minecraft:cherry_leaves":114,"minecraft:sunflower":2,"minecraft:dirt":27,"minecraft:stone_bricks":9,"minecraft:oak_leaves":17},"minecraft:custom":{"minecraft:mob_kills":64,"minecraft:interact_with_crafting_table":8,"minecraft:leave_game":12,"minecraft:time_since_death":325762,"minecraft:climb_one_cm":2423,"minecraft:damage_resisted":28,"minecraft:sprint_one_cm":465718,"minecraft:walk_one_cm":1539904,"minecraft:drop":25,"minecraft:play_time":467137,"minecraft:deaths":4,"minecraft:sneak_time":31762,"minecraft:walk_under_water_one_cm":24684,"minecraft:boat_one_cm":30471,"minecraft:jump":3775,"minecraft:walk_on_water_one_cm":147155,"minecraft:total_world_time":467137,"minecraft:interact_with_furnace":19,"minecraft:sleep_in_bed":16,"minecraft:time_since_rest":74221,"minecraft:damage_taken":2168,"minecraft:damage_absorbed":112,"minecraft:damage_dealt":6199,"minecraft:swim_one_cm":117930,"minecraft:fly_one_cm":62230,"minecraft:open_chest":34,"minecraft:crouch_one_cm":139397,"minecraft:fall_one_cm":22044,"minecraft:horse_one_cm":50120},"minecraft:killed":{"minecraft:spider":2,"minecraft:skeleton":14,"minecraft:chicken":8,"minecraft:cat":1,"minecraft:pig":13,"minecraft:sheep":9,"minecraft:zombie":2,"minecraft:cow":12},"minecraft:killed_by":{"minecraft:creeper":1,"minecraft:zombie":2},"minecraft:crafted":{"minecraft:cooked_chicken":5,"minecraft:stone_button":1,"minecraft:bone_meal":159,"minecraft:cooked_mutton":11,"minecraft:diamond_helmet":1,"minecraft:cooked_beef":23,"minecraft:cooked_porkchop":15,"minecraft:diamond_chestplate":1},"minecraft:used":{"minecraft:cherry_sapling":26,"minecraft:white_tulip":42,"minecraft:iron_sword":4,"minecraft:torch":3,"minecraft:dirt":36,"minecraft:coal_ore":1,"minecraft:red_tulip":73,"minecraft:iron_axe":574,"minecraft:lantern":4,"minecraft:grass_block":2,"minecraft:cherry_leaves":3,"minecraft:oak_sapling":1,"minecraft:cooked_beef":4,"minecraft:potato":6,"minecraft:cherry_log":13,"minecraft:enchanted_golden_apple":1,"minecraft:cooked_mutton":5,"minecraft:pink_tulip":4,"minecraft:oak_planks":96,"minecraft:diamond_axe":86,"minecraft:salmon":12,"minecraft:black_bed":3,"minecraft:diamond_pickaxe":266,"minecraft:oxeye_daisy":52,"minecraft:iron_pickaxe":235,"minecraft:pink_petals":246,"minecraft:cobblestone":17,"minecraft:cooked_porkchop":14,"minecraft:porkchop":7,"minecraft:stripped_cherry_log":1,"minecraft:dandelion":1,"minecraft:bone_meal":149},"minecraft:dropped":{"minecraft:diamond":64,"minecraft:cooked_porkchop":7,"minecraft:mutton":6,"minecraft:iron_axe":1,"minecraft:pink_petals":20,"minecraft:rotten_flesh":4,"minecraft:enchanted_golden_apple":1,"minecraft:cooked_mutton":10,"minecraft:salmon":11,"minecraft:stone":63,"minecraft:red_tulip":5,"minecraft:oak_leaves":6,"minecraft:egg":1}},"DataVersion":3955}