{"stats":{"minecraft:picked_up":{"minecraft:iron_chestplate":1,"minecraft:raw_iron":12,"minecraft:torch":8,"minecraft:diamond_sword":1,"minecraft:gravel":10,"minecraft:birch_planks":4,"minecraft:flint":3,"minecraft:tuff":2,"minecraft:shield":1,"minecraft:dirt":10,"minecraft:lapis_lazuli":15,"minecraft:string":2,"minecraft:iron_leggings":1,"minecraft:bone":3,"minecraft:arrow":6,"minecraft:rotten_flesh":5,"minecraft:diamond":9,"minecraft:bow":1,"minecraft:stone_axe":2,"minecraft:cobbled_deepslate":160,"minecraft:raw_gold":6,"minecraft:iron_helmet":1,"minecraft:stone_pickaxe":1,"minecraft:iron_pickaxe":2,"minecraft:baked_potato":31,"minecraft:iron_sword":1,"minecraft:coal":19,"minecraft:cobblestone":18,"minecraft:iron_boots":1},"minecraft:custom":{"minecraft:time_since_rest":91502,"minecraft:sprint_one_cm":70124,"minecraft:damage_taken":2186,"minecraft:walk_one_cm":73737,"minecraft:mob_kills":11,"minecraft:drop":41,"minecraft:animals_bred":1,"minecraft:damage_dealt":2302,"minecraft:swim_one_cm":3811,"minecraft:fly_one_cm":313179,"minecraft:open_chest":1,"minecraft:crouch_one_cm":162,"minecraft:play_time":125492,"minecraft:deaths":8,"minecraft:sneak_time":2043,"minecraft:walk_under_water_one_cm":40882,"minecraft:jump":197,"minecraft:leave_game":14,"minecraft:walk_on_water_one_cm":5727,"minecraft:time_since_death":91418,"minecraft:total_world_time":125492,"minecraft:fall_one_cm":200},"minecraft:killed":{"minecraft:skeleton":5,"minecraft:zombie":4,"minecraft:spider":1,"minecraft:creeper":1},"minecraft:killed_by":{"minecraft:player":2,"minecraft:zombie":4},"minecraft:used":{"minecraft:glass":1,"minecraft:gravel":1,"minecraft:pink_petals":38,"minecraft:diamond_sword":46,"minecraft:lightning_rod":2},"minecraft:dropped":{"minecraft:diamond_sword":1,"minecraft:stone_axe":2,"minecraft:birch_planks":4,"minecraft:shield":1,"minecraft:lapis_lazuli":15,"minecraft:baked_potato":31,"minecraft:cobbled_deepslate":64,"minecraft:diamond":9,"minecraft:iron_chestplate":1,"minecraft:tuff":2,"minecraft:raw_iron":12,"minecraft:iron_helmet":1,"minecraft:cobblestone":18,"minecraft:iron_leggings":1,"minecraft:iron_boots":1,"minecraft:raw_gold":6,"minecraft:stone_pickaxe":1,"minecraft:iron_pickaxe":1,"minecraft:salmon":14,"minecraft:coal":19,"minecraft:flint":3}},"DataVersion":3955}