{"stats":{"minecraft:custom":{"minecraft:jump":21,"minecraft:time_since_rest":3543,"minecraft:leave_game":1,"minecraft:damage_dealt":6,"minecraft:walk_on_water_one_cm":92,"minecraft:deaths":1,"minecraft:sprint_one_cm":3523,"minecraft:play_time":5477,"minecraft:damage_taken":245,"minecraft:time_since_death":3482,"minecraft:walk_one_cm":5649,"minecraft:sneak_time":1,"minecraft:total_world_time":5477,"minecraft:walk_under_water_one_cm":84,"minecraft:swim_one_cm":2946,"minecraft:fly_one_cm":3854},"minecraft:picked_up":{"minecraft:netherrack":16}},"DataVersion":3955}