{"stats":{"minecraft:mined":{"minecraft:glowstone":1,"minecraft:chest":2,"minecraft:pink_tulip":3,"minecraft:stone":37},"minecraft:crafted":{"minecraft:oak_planks":16,"minecraft:iron_boots":1,"minecraft:iron_chestplate":1,"minecraft:iron_helmet":1,"minecraft:iron_ingot":54,"minecraft:stone_pickaxe":2,"minecraft:stone_sword":2,"minecraft:chest":1,"minecraft:iron_leggings":1,"minecraft:furnace":1,"minecraft:stone_axe":1,"minecraft:glowstone":1},"minecraft:used":{"minecraft:cooked_mutton":1,"minecraft:stone_pickaxe":39,"minecraft:chest":3,"minecraft:glowstone":1,"minecraft:furnace":1},"minecraft:dropped":{"minecraft:crafting_table":128},"minecraft:custom":{"minecraft:time_since_rest":20725,"minecraft:interact_with_furnace":22,"minecraft:sprint_one_cm":19921,"minecraft:damage_taken":30,"minecraft:walk_one_cm":61318,"minecraft:drop":2,"minecraft:swim_one_cm":2324,"minecraft:interact_with_crafting_table":14,"minecraft:fly_one_cm":1844,"minecraft:open_chest":13,"minecraft:play_time":30556,"minecraft:walk_under_water_one_cm":38,"minecraft:jump":138,"minecraft:leave_game":2,"minecraft:walk_on_water_one_cm":104,"minecraft:time_since_death":30556,"minecraft:sleep_in_bed":1,"minecraft:total_world_time":30556,"minecraft:fall_one_cm":1483},"minecraft:picked_up":{"minecraft:crafting_table":128,"minecraft:stick":64,"minecraft:raw_iron":29,"minecraft:stone":64,"minecraft:cooked_porkchop":128,"minecraft:oak_log":64,"minecraft:string":3,"minecraft:dirt":30,"minecraft:cooked_mutton":64,"minecraft:kelp":64,"minecraft:stone_pickaxe":1,"minecraft:pink_tulip":2,"minecraft:glowstone_dust":4,"minecraft:chest":2,"minecraft:coal":128,"minecraft:cobblestone":37}},"DataVersion":3955}