{"stats":{"minecraft:picked_up":{"minecraft:iron_chestplate":1,"minecraft:leather":7,"minecraft:black_bed":2,"minecraft:brown_wool":1,"minecraft:oak_log":15,"minecraft:cornflower":1,"minecraft:dirt":63,"minecraft:iron_axe":3,"minecraft:iron_leggings":3,"minecraft:cooked_mutton":28,"minecraft:iron_shovel":3,"minecraft:bone":1,"minecraft:oak_sign":2,"minecraft:apple":1,"minecraft:wheat_seeds":5,"minecraft:beef":8,"minecraft:cooked_chicken":1,"minecraft:iron_pickaxe":3,"minecraft:light_gray_wool":1,"minecraft:chest":1,"minecraft:oak_planks":3,"minecraft:iron_sword":1,"minecraft:iron_boots":1,"minecraft:pink_bed":4,"minecraft:stick":3,"minecraft:oak_door":4,"minecraft:torch":2,"minecraft:quartz":11,"minecraft:grass_block":3,"minecraft:arrow":5,"minecraft:rotten_flesh":10,"minecraft:iron_helmet":3,"minecraft:pink_tulip":2,"minecraft:glowstone":4,"minecraft:oak_sapling":8,"minecraft:black_wool":1,"minecraft:netherrack":2,"minecraft:mutton":9,"minecraft:coal":41,"minecraft:white_wool":7,"minecraft:cobblestone":23,"minecraft:oxeye_daisy":1},"minecraft:crafted":{"minecraft:cooked_beef":2,"minecraft:cooked_mutton":4},"minecraft:killed":{"minecraft:sheep":7,"minecraft:cow":4},"minecraft:used":{"minecraft:cooked_mutton":6,"minecraft:pink_tulip":1,"minecraft:iron_shovel":7,"minecraft:iron_sword":7,"minecraft:cooked_chicken":1,"minecraft:oak_door":1,"minecraft:dirt":1,"minecraft:iron_axe":28,"minecraft:iron_pickaxe":61,"minecraft:pink_bed":2,"minecraft:beef":6,"minecraft:oak_sapling":3},"minecraft:dropped":{"minecraft:oak_door":2,"minecraft:rotten_flesh":2,"minecraft:oak_planks":1,"minecraft:grass_block":1,"minecraft:dirt":2,"minecraft:glowstone":2},"minecraft:mined":{"minecraft:pink_bed":4,"minecraft:oak_door":1,"minecraft:cornflower":1,"minecraft:short_grass":3,"minecraft:grass_block":4,"minecraft:chest":1,"minecraft:nether_quartz_ore":11,"minecraft:oxeye_daisy":1,"minecraft:coal_ore":9,"minecraft:oak_log":15,"minecraft:dirt":1,"minecraft:pink_tulip":1,"minecraft:stone":7,"minecraft:netherrack":2,"minecraft:oak_leaves":6},"minecraft:killed_by":{"minecraft:skeleton":1,"minecraft:zombie":1},"minecraft:custom":{"minecraft:interact_with_furnace":2,"minecraft:mob_kills":11,"minecraft:leave_game":2,"minecraft:time_since_death":54353,"minecraft:sleep_in_bed":7,"minecraft:time_since_rest":4803,"minecraft:sprint_one_cm":257621,"minecraft:damage_taken":876,"minecraft:walk_one_cm":247766,"minecraft:drop":9,"minecraft:damage_dealt":1170,"minecraft:swim_one_cm":6551,"minecraft:fly_one_cm":50548,"minecraft:open_chest":7,"minecraft:crouch_one_cm":995,"minecraft:play_time":86447,"minecraft:deaths":2,"minecraft:sneak_time":469,"minecraft:walk_under_water_one_cm":868,"minecraft:jump":703,"minecraft:walk_on_water_one_cm":14519,"minecraft:total_world_time":86447,"minecraft:fall_one_cm":5901,"minecraft:horse_one_cm":2459}},"DataVersion":3955}