{"minecraft:recipes/decorations/crafting_table":{"criteria":{"unlock_right_away":"2024-09-30 22:48:11 -0500"},"done":true},"minecraft:adventure/adventuring_time":{"criteria":{"minecraft:flower_forest":"2024-09-30 22:49:20 -0500","minecraft:beach":"2024-09-30 22:49:11 -0500","minecraft:ocean":"2024-09-30 23:10:33 -0500","minecraft:river":"2024-09-30 23:10:17 -0500","minecraft:plains":"2024-09-30 22:48:12 -0500"},"done":false},"minecraft:recipes/decorations/torch":{"criteria":{"has_stone_pickaxe":"2024-09-30 22:48:48 -0500"},"done":true},"minecraft:story/upgrade_tools":{"criteria":{"stone_pickaxe":"2024-09-30 22:48:48 -0500"},"done":true},"minecraft:recipes/misc/bone_meal":{"criteria":{"has_bone":"2024-09-30 22:49:28 -0500"},"done":true},"minecraft:recipes/misc/charcoal":{"criteria":{"has_log":"2024-09-30 22:49:52 -0500"},"done":true},"minecraft:recipes/building_blocks/oak_planks":{"criteria":{"has_logs":"2024-09-30 22:49:52 -0500"},"done":true},"minecraft:recipes/building_blocks/oak_wood":{"criteria":{"has_log":"2024-09-30 22:49:52 -0500"},"done":true},"minecraft:recipes/misc/iron_nugget_from_smelting":{"criteria":{"has_iron_pickaxe":"2024-09-30 22:50:12 -0500"},"done":true},"minecraft:story/iron_tools":{"criteria":{"iron_pickaxe":"2024-09-30 22:50:12 -0500"},"done":true},"minecraft:recipes/misc/iron_nugget_from_blasting":{"criteria":{"has_iron_pickaxe":"2024-09-30 22:50:12 -0500"},"done":true},"minecraft:recipes/decorations/chest":{"criteria":{"has_lots_of_items":"2024-09-30 22:50:42 -0500"},"done":true},"minecraft:recipes/building_blocks/oak_slab":{"criteria":{"has_planks":"2024-09-30 22:51:11 -0500"},"done":true},"minecraft:recipes/decorations/oak_sign":{"criteria":{"has_planks":"2024-09-30 22:51:11 -0500"},"done":true},"minecraft:recipes/redstone/oak_trapdoor":{"criteria":{"has_planks":"2024-09-30 22:51:11 -0500"},"done":true},"minecraft:recipes/redstone/oak_fence_gate":{"criteria":{"has_planks":"2024-09-30 22:51:11 -0500"},"done":true},"minecraft:recipes/redstone/oak_pressure_plate":{"criteria":{"has_planks":"2024-09-30 22:51:11 -0500"},"done":true},"minecraft:recipes/redstone/oak_door":{"criteria":{"has_planks":"2024-09-30 22:51:11 -0500"},"done":true},"minecraft:recipes/misc/stick":{"criteria":{"has_planks":"2024-09-30 22:51:11 -0500"},"done":true},"minecraft:recipes/building_blocks/oak_stairs":{"criteria":{"has_planks":"2024-09-30 22:51:11 -0500"},"done":true},"minecraft:recipes/decorations/oak_fence":{"criteria":{"has_planks":"2024-09-30 22:51:11 -0500"},"done":true},"minecraft:recipes/decorations/barrel":{"criteria":{"has_planks":"2024-09-30 22:51:11 -0500"},"done":true},"minecraft:recipes/redstone/oak_button":{"criteria":{"has_planks":"2024-09-30 22:51:11 -0500"},"done":true},"minecraft:husbandry/balanced_diet":{"criteria":{"cooked_porkchop":"2024-09-30 23:39:56 -0500","apple":"2024-09-30 23:06:51 -0500","golden_apple":"2024-09-30 23:40:38 -0500","rotten_flesh":"2024-09-30 22:57:06 -0500","cooked_mutton":"2024-09-30 23:17:43 -0500","cooked_cod":"2024-09-30 22:51:48 -0500","cod":"2024-09-30 23:17:07 -0500"},"done":false},"minecraft:husbandry/root":{"criteria":{"consumed_item":"2024-09-30 22:51:48 -0500"},"done":true},"minecraft:nether/explore_nether":{"criteria":{"minecraft:nether_wastes":"2024-09-30 22:51:57 -0500","minecraft:warped_forest":"2024-09-30 22:52:28 -0500"},"done":false},"minecraft:nether/root":{"criteria":{"entered_nether":"2024-09-30 22:51:57 -0500"},"done":true},"minecraft:story/enter_the_nether":{"criteria":{"entered_nether":"2024-09-30 22:51:57 -0500"},"done":true},"minecraft:adventure/root":{"criteria":{"killed_by_something":"2024-09-30 22:53:25 -0500"},"done":true},"minecraft:recipes/misc/nether_brick":{"criteria":{"has_netherrack":"2024-09-30 22:54:14 -0500"},"done":true},"minecraft:adventure/kill_all_mobs":{"criteria":{"minecraft:zombified_piglin":"2024-09-30 22:55:29 -0500","minecraft:enderman":"2024-09-30 22:57:29 -0500","minecraft:spider":"2024-09-30 23:18:02 -0500","minecraft:zombie":"2024-09-30 23:23:04 -0500","minecraft:creeper":"2024-09-30 23:03:20 -0500"},"done":false},"minecraft:adventure/kill_a_mob":{"criteria":{"minecraft:zombified_piglin":"2024-09-30 22:55:29 -0500"},"done":true},"minecraft:recipes/misc/gold_ingot_from_nuggets":{"criteria":{"has_gold_nugget":"2024-09-30 22:55:55 -0500"},"done":true},"minecraft:recipes/brewing/golden_carrot":{"criteria":{"has_gold_nugget":"2024-09-30 22:55:55 -0500"},"done":true},"minecraft:recipes/misc/gold_nugget_from_smelting":{"criteria":{"has_golden_sword":"2024-09-30 22:55:56 -0500"},"done":true},"minecraft:recipes/misc/gold_nugget_from_blasting":{"criteria":{"has_golden_sword":"2024-09-30 22:55:56 -0500"},"done":true},"minecraft:recipes/building_blocks/warped_planks":{"criteria":{"has_logs":"2024-09-30 22:57:58 -0500"},"done":true},"minecraft:recipes/building_blocks/warped_hyphae":{"criteria":{"has_log":"2024-09-30 22:57:58 -0500"},"done":true},"minecraft:recipes/food/cooked_mutton_from_smoking":{"criteria":{"has_mutton":"2024-09-30 23:00:49 -0500"},"done":true},"minecraft:recipes/food/cooked_mutton":{"criteria":{"has_mutton":"2024-09-30 23:00:49 -0500"},"done":true},"minecraft:recipes/decorations/white_banner":{"criteria":{"has_white_wool":"2024-09-30 23:00:49 -0500"},"done":true},"minecraft:recipes/decorations/painting":{"criteria":{"has_wool":"2024-09-30 23:00:49 -0500"},"done":true},"minecraft:recipes/food/cooked_mutton_from_campfire_cooking":{"criteria":{"has_mutton":"2024-09-30 23:00:49 -0500"},"done":true},"minecraft:recipes/decorations/white_bed":{"criteria":{"has_white_wool":"2024-09-30 23:00:49 -0500"},"done":true},"minecraft:recipes/decorations/white_carpet":{"criteria":{"has_white_wool":"2024-09-30 23:00:49 -0500"},"done":true},"minecraft:recipes/food/cooked_porkchop":{"criteria":{"has_porkchop":"2024-09-30 23:01:02 -0500"},"done":true},"minecraft:recipes/food/cooked_porkchop_from_campfire_cooking":{"criteria":{"has_porkchop":"2024-09-30 23:01:02 -0500"},"done":true},"minecraft:recipes/food/cooked_porkchop_from_smoking":{"criteria":{"has_porkchop":"2024-09-30 23:01:02 -0500"},"done":true},"minecraft:recipes/combat/leather_helmet":{"criteria":{"has_leather":"2024-09-30 23:01:17 -0500"},"done":true},"minecraft:recipes/combat/leather_leggings":{"criteria":{"has_leather":"2024-09-30 23:01:17 -0500"},"done":true},"minecraft:recipes/food/cooked_beef_from_smoking":{"criteria":{"has_beef":"2024-09-30 23:01:17 -0500"},"done":true},"minecraft:recipes/decorations/item_frame":{"criteria":{"has_leather":"2024-09-30 23:01:17 -0500"},"done":true},"minecraft:recipes/combat/leather_chestplate":{"criteria":{"has_leather":"2024-09-30 23:01:17 -0500"},"done":true},"minecraft:recipes/combat/leather_boots":{"criteria":{"has_leather":"2024-09-30 23:01:17 -0500"},"done":true},"minecraft:recipes/misc/leather_horse_armor":{"criteria":{"has_leather":"2024-09-30 23:01:17 -0500"},"done":true},"minecraft:recipes/food/cooked_beef":{"criteria":{"has_beef":"2024-09-30 23:01:17 -0500"},"done":true},"minecraft:recipes/food/cooked_beef_from_campfire_cooking":{"criteria":{"has_beef":"2024-09-30 23:01:17 -0500"},"done":true},"minecraft:recipes/food/cooked_chicken_from_campfire_cooking":{"criteria":{"has_chicken":"2024-09-30 23:01:48 -0500"},"done":true},"minecraft:recipes/food/cooked_chicken":{"criteria":{"has_chicken":"2024-09-30 23:01:48 -0500"},"done":true},"minecraft:recipes/food/cooked_chicken_from_smoking":{"criteria":{"has_chicken":"2024-09-30 23:01:48 -0500"},"done":true},"minecraft:recipes/combat/arrow":{"criteria":{"has_feather":"2024-09-30 23:01:48 -0500"},"done":true},"minecraft:recipes/decorations/gray_bed":{"criteria":{"has_gray_wool":"2024-09-30 23:02:03 -0500"},"done":true},"minecraft:recipes/decorations/gray_banner":{"criteria":{"has_gray_wool":"2024-09-30 23:02:03 -0500"},"done":true},"minecraft:recipes/decorations/gray_carpet":{"criteria":{"has_gray_wool":"2024-09-30 23:02:03 -0500"},"done":true},"minecraft:recipes/transportation/mangrove_boat":{"criteria":{"in_water":"2024-09-30 23:02:54 -0500"},"done":true},"minecraft:recipes/transportation/acacia_boat":{"criteria":{"in_water":"2024-09-30 23:02:54 -0500"},"done":true},"minecraft:recipes/transportation/cherry_boat":{"criteria":{"in_water":"2024-09-30 23:02:54 -0500"},"done":true},"minecraft:recipes/transportation/bamboo_raft":{"criteria":{"in_water":"2024-09-30 23:02:54 -0500"},"done":true},"minecraft:recipes/transportation/spruce_boat":{"criteria":{"in_water":"2024-09-30 23:02:54 -0500"},"done":true},"minecraft:recipes/transportation/birch_boat":{"criteria":{"in_water":"2024-09-30 23:02:54 -0500"},"done":true},"minecraft:recipes/transportation/oak_boat":{"criteria":{"in_water":"2024-09-30 23:02:54 -0500"},"done":true},"minecraft:recipes/transportation/jungle_boat":{"criteria":{"in_water":"2024-09-30 23:02:54 -0500"},"done":true},"minecraft:recipes/transportation/dark_oak_boat":{"criteria":{"in_water":"2024-09-30 23:02:54 -0500"},"done":true},"minecraft:story/root":{"criteria":{"crafting_table":"2024-09-30 23:04:26 -0500"},"done":true},"minecraft:recipes/building_blocks/lime_concrete_powder":{"criteria":{"has_sand":"2024-09-30 23:04:41 -0500"},"done":true},"minecraft:recipes/building_blocks/light_gray_concrete_powder":{"criteria":{"has_sand":"2024-09-30 23:04:41 -0500"},"done":true},"minecraft:recipes/building_blocks/pink_concrete_powder":{"criteria":{"has_sand":"2024-09-30 23:04:41 -0500"},"done":true},"minecraft:recipes/building_blocks/orange_concrete_powder":{"criteria":{"has_sand":"2024-09-30 23:04:41 -0500"},"done":true},"minecraft:recipes/building_blocks/red_concrete_powder":{"criteria":{"has_sand":"2024-09-30 23:04:41 -0500"},"done":true},"minecraft:recipes/building_blocks/magenta_concrete_powder":{"criteria":{"has_sand":"2024-09-30 23:04:41 -0500"},"done":true},"minecraft:recipes/building_blocks/brown_concrete_powder":{"criteria":{"has_sand":"2024-09-30 23:04:41 -0500"},"done":true},"minecraft:recipes/building_blocks/light_blue_concrete_powder":{"criteria":{"has_sand":"2024-09-30 23:04:41 -0500"},"done":true},"minecraft:recipes/building_blocks/glass":{"criteria":{"has_smelts_to_glass":"2024-09-30 23:04:41 -0500"},"done":true},"minecraft:recipes/building_blocks/green_concrete_powder":{"criteria":{"has_sand":"2024-09-30 23:04:41 -0500"},"done":true},"minecraft:recipes/building_blocks/blue_concrete_powder":{"criteria":{"has_sand":"2024-09-30 23:04:41 -0500"},"done":true},"minecraft:recipes/building_blocks/yellow_concrete_powder":{"criteria":{"has_sand":"2024-09-30 23:04:41 -0500"},"done":true},"minecraft:recipes/building_blocks/sandstone":{"criteria":{"has_sand":"2024-09-30 23:04:41 -0500"},"done":true},"minecraft:recipes/building_blocks/white_concrete_powder":{"criteria":{"has_sand":"2024-09-30 23:04:41 -0500"},"done":true},"minecraft:recipes/building_blocks/gray_concrete_powder":{"criteria":{"has_sand":"2024-09-30 23:04:41 -0500"},"done":true},"minecraft:recipes/building_blocks/black_concrete_powder":{"criteria":{"has_sand":"2024-09-30 23:04:41 -0500"},"done":true},"minecraft:recipes/building_blocks/purple_concrete_powder":{"criteria":{"has_sand":"2024-09-30 23:04:41 -0500"},"done":true},"minecraft:recipes/building_blocks/cyan_concrete_powder":{"criteria":{"has_sand":"2024-09-30 23:04:41 -0500"},"done":true},"minecraft:recipes/building_blocks/andesite_stairs_from_andesite_stonecutting":{"criteria":{"has_andesite":"2024-09-30 23:04:44 -0500"},"done":true},"minecraft:recipes/building_blocks/andesite_stairs":{"criteria":{"has_andesite":"2024-09-30 23:04:44 -0500"},"done":true},"minecraft:recipes/building_blocks/polished_andesite_from_andesite_stonecutting":{"criteria":{"has_andesite":"2024-09-30 23:04:44 -0500"},"done":true},"minecraft:recipes/building_blocks/polished_andesite":{"criteria":{"has_andesite":"2024-09-30 23:04:44 -0500"},"done":true},"minecraft:recipes/decorations/andesite_wall_from_andesite_stonecutting":{"criteria":{"has_andesite":"2024-09-30 23:04:44 -0500"},"done":true},"minecraft:recipes/building_blocks/polished_andesite_slab_from_andesite_stonecutting":{"criteria":{"has_andesite":"2024-09-30 23:04:44 -0500"},"done":true},"minecraft:recipes/decorations/andesite_wall":{"criteria":{"has_andesite":"2024-09-30 23:04:44 -0500"},"done":true},"minecraft:recipes/building_blocks/andesite_slab":{"criteria":{"has_andesite":"2024-09-30 23:04:44 -0500"},"done":true},"minecraft:recipes/building_blocks/polished_andesite_stairs_from_andesite_stonecutting":{"criteria":{"has_andesite":"2024-09-30 23:04:44 -0500"},"done":true},"minecraft:recipes/building_blocks/andesite_slab_from_andesite_stonecutting":{"criteria":{"has_andesite":"2024-09-30 23:04:44 -0500"},"done":true},"minecraft:recipes/redstone/lever":{"criteria":{"has_cobblestone":"2024-09-30 23:05:19 -0500"},"done":true},"minecraft:recipes/combat/stone_sword":{"criteria":{"has_cobblestone":"2024-09-30 23:05:19 -0500"},"done":true},"minecraft:recipes/decorations/cobblestone_wall":{"criteria":{"has_cobblestone":"2024-09-30 23:05:19 -0500"},"done":true},"minecraft:recipes/tools/stone_pickaxe":{"criteria":{"has_cobblestone":"2024-09-30 23:05:19 -0500"},"done":true},"minecraft:recipes/tools/stone_axe":{"criteria":{"has_cobblestone":"2024-09-30 23:05:19 -0500"},"done":true},"minecraft:story/mine_stone":{"criteria":{"get_stone":"2024-09-30 23:05:19 -0500"},"done":true},"minecraft:recipes/decorations/furnace":{"criteria":{"has_cobblestone":"2024-09-30 23:05:19 -0500"},"done":true},"minecraft:recipes/building_blocks/cobblestone_slab":{"criteria":{"has_cobblestone":"2024-09-30 23:05:19 -0500"},"done":true},"minecraft:recipes/building_blocks/cobblestone_slab_from_cobblestone_stonecutting":{"criteria":{"has_cobblestone":"2024-09-30 23:05:19 -0500"},"done":true},"minecraft:recipes/building_blocks/stone":{"criteria":{"has_cobblestone":"2024-09-30 23:05:19 -0500"},"done":true},"minecraft:recipes/decorations/cobblestone_wall_from_cobblestone_stonecutting":{"criteria":{"has_cobblestone":"2024-09-30 23:05:19 -0500"},"done":true},"minecraft:recipes/building_blocks/cobblestone_stairs_from_cobblestone_stonecutting":{"criteria":{"has_cobblestone":"2024-09-30 23:05:19 -0500"},"done":true},"minecraft:recipes/building_blocks/cobblestone_stairs":{"criteria":{"has_cobblestone":"2024-09-30 23:05:19 -0500"},"done":true},"minecraft:recipes/tools/stone_hoe":{"criteria":{"has_cobblestone":"2024-09-30 23:05:19 -0500"},"done":true},"minecraft:recipes/tools/stone_shovel":{"criteria":{"has_cobblestone":"2024-09-30 23:05:19 -0500"},"done":true},"minecraft:recipes/decorations/smoker":{"criteria":{"has_furnace":"2024-09-30 23:06:28 -0500"},"done":true},"minecraft:recipes/decorations/ladder":{"criteria":{"has_stick":"2024-09-30 23:06:50 -0500"},"done":true},"minecraft:recipes/decorations/campfire":{"criteria":{"has_stick":"2024-09-30 23:06:50 -0500"},"done":true},"minecraft:recipes/tools/wooden_hoe":{"criteria":{"has_stick":"2024-09-30 23:06:50 -0500"},"done":true},"minecraft:recipes/tools/wooden_pickaxe":{"criteria":{"has_stick":"2024-09-30 23:06:50 -0500"},"done":true},"minecraft:recipes/tools/wooden_axe":{"criteria":{"has_stick":"2024-09-30 23:06:50 -0500"},"done":true},"minecraft:recipes/tools/wooden_shovel":{"criteria":{"has_stick":"2024-09-30 23:06:50 -0500"},"done":true},"minecraft:recipes/combat/wooden_sword":{"criteria":{"has_stick":"2024-09-30 23:06:50 -0500"},"done":true},"minecraft:recipes/combat/bow":{"criteria":{"has_string":"2024-09-30 23:09:35 -0500"},"done":true},"minecraft:recipes/tools/fishing_rod":{"criteria":{"has_string":"2024-09-30 23:09:35 -0500"},"done":true},"minecraft:recipes/redstone/dispenser":{"criteria":{"has_bow":"2024-09-30 23:09:35 -0500"},"done":true},"minecraft:recipes/building_blocks/white_wool_from_string":{"criteria":{"has_string":"2024-09-30 23:09:35 -0500"},"done":true},"minecraft:recipes/redstone/tripwire_hook":{"criteria":{"has_string":"2024-09-30 23:09:35 -0500"},"done":true},"minecraft:recipes/combat/crossbow":{"criteria":{"has_string":"2024-09-30 23:09:35 -0500"},"done":true},"minecraft:recipes/decorations/candle":{"criteria":{"has_string":"2024-09-30 23:09:35 -0500"},"done":true},"minecraft:recipes/misc/firework_rocket_simple":{"criteria":{"has_gunpowder":"2024-09-30 23:09:35 -0500"},"done":true},"minecraft:recipes/redstone/tnt":{"criteria":{"has_gunpowder":"2024-09-30 23:09:35 -0500"},"done":true},"minecraft:recipes/decorations/loom":{"criteria":{"has_string":"2024-09-30 23:09:35 -0500"},"done":true},"minecraft:recipes/food/cooked_cod_from_smoking":{"criteria":{"has_cod":"2024-09-30 23:10:37 -0500"},"done":true},"minecraft:recipes/food/cooked_cod_from_campfire_cooking":{"criteria":{"has_cod":"2024-09-30 23:10:37 -0500"},"done":true},"minecraft:recipes/food/cooked_cod":{"criteria":{"has_cod":"2024-09-30 23:10:37 -0500"},"done":true},"minecraft:recipes/brewing/fermented_spider_eye":{"criteria":{"has_spider_eye":"2024-09-30 23:18:33 -0500"},"done":true},"minecraft:recipes/redstone/observer":{"criteria":{"has_quartz":"2024-09-30 23:38:58 -0500"},"done":true},"minecraft:recipes/food/dried_kelp_from_smoking":{"criteria":{"has_kelp":"2024-09-30 23:27:32 -0500"},"done":true},"minecraft:recipes/building_blocks/dye_blue_wool":{"criteria":{"has_needed_dye":"2024-09-30 23:29:46 -0500"},"done":true},"minecraft:recipes/redstone/comparator":{"criteria":{"has_quartz":"2024-09-30 23:38:58 -0500"},"done":true},"minecraft:story/lava_bucket":{"criteria":{"lava_bucket":"2024-09-30 23:37:43 -0500"},"done":true},"minecraft:recipes/food/dried_kelp_from_smelting":{"criteria":{"has_kelp":"2024-09-30 23:27:32 -0500"},"done":true},"minecraft:recipes/transportation/dark_oak_chest_boat":{"criteria":{"has_boat":"2024-09-30 23:38:58 -0500"},"done":true},"minecraft:recipes/decorations/orange_candle":{"criteria":{"has_orange_dye":"2024-09-30 23:29:46 -0500"},"done":true},"minecraft:recipes/building_blocks/dye_light_gray_bed":{"criteria":{"has_needed_dye":"2024-09-30 23:29:46 -0500"},"done":true},"minecraft:recipes/misc/light_blue_dye_from_blue_white_dye":{"criteria":{"has_blue_dye":"2024-09-30 23:29:46 -0500"},"done":true},"minecraft:recipes/misc/blue_dye":{"criteria":{"has_lapis_lazuli":"2024-09-30 23:29:46 -0500"},"done":true},"minecraft:recipes/misc/cyan_dye":{"criteria":{"has_blue_dye":"2024-09-30 23:29:46 -0500"},"done":true},"minecraft:recipes/transportation/bamboo_chest_raft":{"criteria":{"has_boat":"2024-09-30 23:38:58 -0500"},"done":true},"minecraft:recipes/building_blocks/birch_planks":{"criteria":{"has_logs":"2024-09-30 23:29:46 -0500"},"done":true},"minecraft:recipes/building_blocks/dye_blue_carpet":{"criteria":{"has_needed_dye":"2024-09-30 23:29:46 -0500"},"done":true},"minecraft:recipes/building_blocks/dye_light_gray_wool":{"criteria":{"has_needed_dye":"2024-09-30 23:29:46 -0500"},"done":true},"minecraft:recipes/misc/purple_dye":{"criteria":{"has_blue_dye":"2024-09-30 23:29:46 -0500"},"done":true},"minecraft:recipes/food/dried_kelp_from_campfire_cooking":{"criteria":{"has_kelp":"2024-09-30 23:27:32 -0500"},"done":true},"minecraft:recipes/building_blocks/lapis_block":{"criteria":{"has_lapis_lazuli":"2024-09-30 23:29:46 -0500"},"done":true},"minecraft:recipes/building_blocks/polished_blackstone_bricks_from_polished_blackstone_stonecutting":{"criteria":{"has_polished_blackstone":"2024-09-30 23:38:58 -0500"},"done":true},"minecraft:recipes/building_blocks/dye_orange_bed":{"criteria":{"has_needed_dye":"2024-09-30 23:29:46 -0500"},"done":true},"minecraft:recipes/decorations/blue_candle":{"criteria":{"has_blue_dye":"2024-09-30 23:29:46 -0500"},"done":true},"minecraft:recipes/decorations/blue_stained_glass_pane_from_glass_pane":{"criteria":{"has_blue_dye":"2024-09-30 23:29:46 -0500"},"done":true},"minecraft:recipes/building_blocks/chiseled_polished_blackstone_from_polished_blackstone_stonecutting":{"criteria":{"has_polished_blackstone":"2024-09-30 23:38:58 -0500"},"done":true},"minecraft:recipes/building_blocks/dye_orange_carpet":{"criteria":{"has_needed_dye":"2024-09-30 23:29:46 -0500"},"done":true},"minecraft:recipes/building_blocks/polished_blackstone_stairs_from_polished_blackstone_stonecutting":{"criteria":{"has_polished_blackstone":"2024-09-30 23:38:58 -0500"},"done":true},"minecraft:recipes/transportation/spruce_chest_boat":{"criteria":{"has_boat":"2024-09-30 23:38:58 -0500"},"done":true},"minecraft:recipes/misc/magenta_dye_from_blue_red_pink":{"criteria":{"has_blue_dye":"2024-09-30 23:29:46 -0500"},"done":true},"minecraft:recipes/building_blocks/polished_blackstone_slab_from_polished_blackstone_stonecutting":{"criteria":{"has_polished_blackstone":"2024-09-30 23:38:58 -0500"},"done":true},"minecraft:recipes/decorations/composter":{"criteria":{"has_wood_slab":"2024-09-30 23:29:46 -0500"},"done":true},"minecraft:recipes/building_blocks/polished_blackstone_stairs":{"criteria":{"has_polished_blackstone":"2024-09-30 23:38:58 -0500"},"done":true},"minecraft:recipes/decorations/light_gray_stained_glass_pane_from_glass_pane":{"criteria":{"has_light_gray_dye":"2024-09-30 23:29:46 -0500"},"done":true},"minecraft:recipes/decorations/pink_candle":{"criteria":{"has_pink_dye":"2024-09-30 23:29:46 -0500"},"done":true},"minecraft:recipes/decorations/light_gray_candle":{"criteria":{"has_light_gray_dye":"2024-09-30 23:29:46 -0500"},"done":true},"minecraft:recipes/building_blocks/polished_blackstone_brick_stairs_from_polished_blackstone_stonecutting":{"criteria":{"has_polished_blackstone":"2024-09-30 23:38:58 -0500"},"done":true},"minecraft:recipes/building_blocks/dye_orange_wool":{"criteria":{"has_needed_dye":"2024-09-30 23:29:46 -0500"},"done":true},"minecraft:recipes/redstone/polished_blackstone_button":{"criteria":{"has_polished_blackstone":"2024-09-30 23:38:58 -0500"},"done":true},"minecraft:recipes/building_blocks/dye_pink_wool":{"criteria":{"has_needed_dye":"2024-09-30 23:29:46 -0500"},"done":true},"minecraft:recipes/decorations/polished_blackstone_wall_from_polished_blackstone_stonecutting":{"criteria":{"has_polished_blackstone":"2024-09-30 23:38:58 -0500"},"done":true},"minecraft:recipes/transportation/jungle_chest_boat":{"criteria":{"has_boat":"2024-09-30 23:38:58 -0500"},"done":true},"minecraft:recipes/building_blocks/dye_pink_bed":{"criteria":{"has_needed_dye":"2024-09-30 23:29:46 -0500"},"done":true},"minecraft:recipes/misc/magenta_dye_from_purple_and_pink":{"criteria":{"has_pink_dye":"2024-09-30 23:29:46 -0500"},"done":true},"minecraft:recipes/transportation/acacia_chest_boat":{"criteria":{"has_boat":"2024-09-30 23:38:58 -0500"},"done":true},"minecraft:recipes/building_blocks/birch_wood":{"criteria":{"has_log":"2024-09-30 23:29:46 -0500"},"done":true},"minecraft:recipes/redstone/polished_blackstone_pressure_plate":{"criteria":{"has_polished_blackstone":"2024-09-30 23:38:58 -0500"},"done":true},"minecraft:recipes/building_blocks/polished_blackstone_brick_slab_from_polished_blackstone_stonecutting":{"criteria":{"has_polished_blackstone":"2024-09-30 23:38:58 -0500"},"done":true},"minecraft:recipes/building_blocks/dye_blue_bed":{"criteria":{"has_needed_dye":"2024-09-30 23:29:46 -0500"},"done":true},"minecraft:recipes/transportation/mangrove_chest_boat":{"criteria":{"has_boat":"2024-09-30 23:38:58 -0500"},"done":true},"minecraft:recipes/building_blocks/polished_blackstone_slab":{"criteria":{"has_polished_blackstone":"2024-09-30 23:38:58 -0500"},"done":true},"minecraft:recipes/decorations/orange_stained_glass_pane_from_glass_pane":{"criteria":{"has_orange_dye":"2024-09-30 23:29:46 -0500"},"done":true},"minecraft:recipes/food/bread":{"criteria":{"has_wheat":"2024-09-30 23:38:58 -0500"},"done":true},"minecraft:recipes/building_blocks/dye_pink_carpet":{"criteria":{"has_needed_dye":"2024-09-30 23:29:46 -0500"},"done":true},"minecraft:recipes/building_blocks/diorite":{"criteria":{"has_quartz":"2024-09-30 23:38:58 -0500"},"done":true},"minecraft:recipes/building_blocks/hay_block":{"criteria":{"has_wheat":"2024-09-30 23:38:58 -0500"},"done":true},"minecraft:recipes/misc/magenta_dye_from_blue_red_white_dye":{"criteria":{"has_blue_dye":"2024-09-30 23:29:46 -0500"},"done":true},"minecraft:recipes/building_blocks/granite":{"criteria":{"has_quartz":"2024-09-30 23:38:58 -0500"},"done":true},"minecraft:recipes/transportation/oak_chest_boat":{"criteria":{"has_boat":"2024-09-30 23:38:58 -0500"},"done":true},"minecraft:recipes/transportation/cherry_chest_boat":{"criteria":{"has_boat":"2024-09-30 23:38:58 -0500"},"done":true},"minecraft:recipes/decorations/pink_stained_glass_pane_from_glass_pane":{"criteria":{"has_pink_dye":"2024-09-30 23:29:46 -0500"},"done":true},"minecraft:recipes/transportation/birch_chest_boat":{"criteria":{"has_boat":"2024-09-30 23:38:58 -0500"},"done":true},"minecraft:recipes/building_blocks/polished_blackstone_bricks":{"criteria":{"has_polished_blackstone":"2024-09-30 23:38:58 -0500"},"done":true},"minecraft:recipes/building_blocks/coal_block":{"criteria":{"has_coal":"2024-09-30 23:27:39 -0500"},"done":true},"minecraft:recipes/building_blocks/quartz_block":{"criteria":{"has_quartz":"2024-09-30 23:38:58 -0500"},"done":true},"minecraft:recipes/decorations/polished_blackstone_wall":{"criteria":{"has_polished_blackstone":"2024-09-30 23:38:58 -0500"},"done":true},"minecraft:recipes/redstone/daylight_detector":{"criteria":{"has_quartz":"2024-09-30 23:38:58 -0500"},"done":true},"minecraft:recipes/misc/mojang_banner_pattern":{"criteria":{"has_enchanted_golden_apple":"2024-09-30 23:27:35 -0500"},"done":true},"minecraft:recipes/building_blocks/dye_light_gray_carpet":{"criteria":{"has_needed_dye":"2024-09-30 23:29:46 -0500"},"done":true},"minecraft:recipes/decorations/polished_blackstone_brick_wall_from_polished_blackstone_stonecutting":{"criteria":{"has_polished_blackstone":"2024-09-30 23:38:58 -0500"},"done":true},"DataVersion":3955}