{"minecraft:recipes/decorations/crafting_table":{"criteria":{"unlock_right_away":"2024-09-29 13:38:58 -0500"},"done":true},"minecraft:adventure/adventuring_time":{"criteria":{"minecraft:flower_forest":"2024-09-29 13:39:47 -0500","minecraft:beach":"2024-09-29 13:39:49 -0500","minecraft:ocean":"2024-09-30 20:09:21 -0500","minecraft:plains":"2024-09-29 13:38:59 -0500"},"done":false},"minecraft:story/obtain_armor":{"criteria":{"iron_helmet":"2024-09-29 13:39:23 -0500"},"done":true},"minecraft:recipes/misc/iron_nugget_from_smelting":{"criteria":{"has_iron_helmet":"2024-09-29 13:39:23 -0500"},"done":true},"minecraft:recipes/misc/iron_nugget_from_blasting":{"criteria":{"has_iron_helmet":"2024-09-29 13:39:23 -0500"},"done":true},"minecraft:recipes/decorations/torch":{"criteria":{"has_stone_pickaxe":"2024-09-29 13:39:25 -0500"},"done":true},"minecraft:story/upgrade_tools":{"criteria":{"stone_pickaxe":"2024-09-29 13:39:25 -0500"},"done":true},"minecraft:recipes/misc/charcoal":{"criteria":{"has_log":"2024-09-29 13:41:04 -0500"},"done":true},"minecraft:recipes/building_blocks/oak_planks":{"criteria":{"has_logs":"2024-09-29 13:41:04 -0500"},"done":true},"minecraft:recipes/building_blocks/oak_wood":{"criteria":{"has_log":"2024-09-29 13:41:04 -0500"},"done":true},"minecraft:recipes/decorations/ladder":{"criteria":{"has_stick":"2024-09-29 13:41:09 -0500"},"done":true},"minecraft:recipes/decorations/campfire":{"criteria":{"has_stick":"2024-09-29 13:41:09 -0500"},"done":true},"minecraft:recipes/tools/wooden_hoe":{"criteria":{"has_stick":"2024-09-29 13:41:09 -0500"},"done":true},"minecraft:recipes/tools/wooden_pickaxe":{"criteria":{"has_stick":"2024-09-29 13:41:09 -0500"},"done":true},"minecraft:recipes/tools/wooden_axe":{"criteria":{"has_stick":"2024-09-29 13:41:09 -0500"},"done":true},"minecraft:recipes/tools/wooden_shovel":{"criteria":{"has_stick":"2024-09-29 13:41:09 -0500"},"done":true},"minecraft:recipes/combat/wooden_sword":{"criteria":{"has_stick":"2024-09-29 13:41:09 -0500"},"done":true},"minecraft:recipes/misc/orange_dye_from_orange_tulip":{"criteria":{"has_orange_tulip":"2024-09-29 13:41:37 -0500"},"done":true},"minecraft:adventure/root":{"criteria":{"killed_something":"2024-09-29 13:42:22 -0500"},"done":true},"minecraft:recipes/combat/leather_helmet":{"criteria":{"has_leather":"2024-09-29 13:42:23 -0500"},"done":true},"minecraft:recipes/combat/leather_leggings":{"criteria":{"has_leather":"2024-09-29 13:42:23 -0500"},"done":true},"minecraft:recipes/food/cooked_beef_from_smoking":{"criteria":{"has_beef":"2024-09-29 13:42:23 -0500"},"done":true},"minecraft:recipes/decorations/item_frame":{"criteria":{"has_leather":"2024-09-29 13:42:23 -0500"},"done":true},"minecraft:recipes/combat/leather_chestplate":{"criteria":{"has_leather":"2024-09-29 13:42:23 -0500"},"done":true},"minecraft:recipes/combat/leather_boots":{"criteria":{"has_leather":"2024-09-29 13:42:23 -0500"},"done":true},"minecraft:recipes/misc/leather_horse_armor":{"criteria":{"has_leather":"2024-09-29 13:42:23 -0500"},"done":true},"minecraft:recipes/food/cooked_beef":{"criteria":{"has_beef":"2024-09-29 13:42:23 -0500"},"done":true},"minecraft:recipes/food/cooked_beef_from_campfire_cooking":{"criteria":{"has_beef":"2024-09-29 13:42:23 -0500"},"done":true},"minecraft:adventure/sleep_in_bed":{"criteria":{"slept_in_bed":"2024-09-29 13:42:49 -0500"},"done":true},"minecraft:recipes/decorations/chest":{"criteria":{"has_lots_of_items":"2024-09-29 13:43:51 -0500"},"done":true},"minecraft:recipes/redstone/dispenser":{"criteria":{"has_bow":"2024-09-29 13:43:51 -0500"},"done":true},"minecraft:recipes/food/cooked_porkchop":{"criteria":{"has_porkchop":"2024-09-29 13:44:20 -0500"},"done":true},"minecraft:recipes/food/cooked_porkchop_from_campfire_cooking":{"criteria":{"has_porkchop":"2024-09-29 13:44:20 -0500"},"done":true},"minecraft:recipes/food/cooked_porkchop_from_smoking":{"criteria":{"has_porkchop":"2024-09-29 13:44:20 -0500"},"done":true},"minecraft:recipes/misc/flower_banner_pattern":{"criteria":{"has_oxeye_daisy":"2024-09-29 13:46:26 -0500"},"done":true},"minecraft:recipes/misc/light_gray_dye_from_oxeye_daisy":{"criteria":{"has_oxeye_daisy":"2024-09-29 13:46:26 -0500"},"done":true},"minecraft:husbandry/balanced_diet":{"criteria":{"cooked_porkchop":"2024-09-29 14:19:47 -0500","enchanted_golden_apple":"2024-09-29 14:12:11 -0500","cooked_mutton":"2024-09-30 19:45:03 -0500","cooked_beef":"2024-09-29 13:49:27 -0500","beef":"2024-09-29 13:46:41 -0500","baked_potato":"2024-09-30 19:46:46 -0500"},"done":false},"minecraft:husbandry/root":{"criteria":{"consumed_item":"2024-09-29 13:46:41 -0500"},"done":true},"minecraft:recipes/transportation/mangrove_boat":{"criteria":{"in_water":"2024-09-29 13:48:08 -0500"},"done":true},"minecraft:recipes/transportation/acacia_boat":{"criteria":{"in_water":"2024-09-29 13:48:08 -0500"},"done":true},"minecraft:recipes/transportation/cherry_boat":{"criteria":{"in_water":"2024-09-29 13:48:08 -0500"},"done":true},"minecraft:recipes/transportation/bamboo_raft":{"criteria":{"in_water":"2024-09-29 13:48:08 -0500"},"done":true},"minecraft:recipes/transportation/spruce_boat":{"criteria":{"in_water":"2024-09-29 13:48:08 -0500"},"done":true},"minecraft:recipes/transportation/birch_boat":{"criteria":{"in_water":"2024-09-29 13:48:08 -0500"},"done":true},"minecraft:recipes/transportation/oak_boat":{"criteria":{"in_water":"2024-09-29 13:48:08 -0500"},"done":true},"minecraft:recipes/transportation/jungle_boat":{"criteria":{"in_water":"2024-09-29 13:48:08 -0500"},"done":true},"minecraft:recipes/transportation/dark_oak_boat":{"criteria":{"in_water":"2024-09-29 13:48:08 -0500"},"done":true},"minecraft:recipes/redstone/lever":{"criteria":{"has_cobblestone":"2024-09-29 14:00:04 -0500"},"done":true},"minecraft:recipes/combat/stone_sword":{"criteria":{"has_cobblestone":"2024-09-29 14:00:04 -0500"},"done":true},"minecraft:recipes/decorations/cobblestone_wall":{"criteria":{"has_cobblestone":"2024-09-29 14:00:04 -0500"},"done":true},"minecraft:recipes/tools/stone_pickaxe":{"criteria":{"has_cobblestone":"2024-09-29 14:00:04 -0500"},"done":true},"minecraft:recipes/tools/stone_axe":{"criteria":{"has_cobblestone":"2024-09-29 14:00:04 -0500"},"done":true},"minecraft:story/mine_stone":{"criteria":{"get_stone":"2024-09-29 14:00:04 -0500"},"done":true},"minecraft:recipes/decorations/furnace":{"criteria":{"has_cobblestone":"2024-09-29 14:00:04 -0500"},"done":true},"minecraft:recipes/building_blocks/cobblestone_slab":{"criteria":{"has_cobblestone":"2024-09-29 14:00:04 -0500"},"done":true},"minecraft:recipes/building_blocks/cobblestone_slab_from_cobblestone_stonecutting":{"criteria":{"has_cobblestone":"2024-09-29 14:00:04 -0500"},"done":true},"minecraft:recipes/building_blocks/stone":{"criteria":{"has_cobblestone":"2024-09-29 14:00:04 -0500"},"done":true},"minecraft:recipes/decorations/cobblestone_wall_from_cobblestone_stonecutting":{"criteria":{"has_cobblestone":"2024-09-29 14:00:04 -0500"},"done":true},"minecraft:recipes/building_blocks/cobblestone_stairs_from_cobblestone_stonecutting":{"criteria":{"has_cobblestone":"2024-09-29 14:00:04 -0500"},"done":true},"minecraft:recipes/building_blocks/cobblestone_stairs":{"criteria":{"has_cobblestone":"2024-09-29 14:00:04 -0500"},"done":true},"minecraft:recipes/tools/stone_hoe":{"criteria":{"has_cobblestone":"2024-09-29 14:00:04 -0500"},"done":true},"minecraft:recipes/tools/stone_shovel":{"criteria":{"has_cobblestone":"2024-09-29 14:00:04 -0500"},"done":true},"minecraft:recipes/building_blocks/oak_slab":{"criteria":{"has_planks":"2024-09-29 14:00:26 -0500"},"done":true},"minecraft:recipes/decorations/oak_sign":{"criteria":{"has_planks":"2024-09-29 14:00:26 -0500"},"done":true},"minecraft:recipes/redstone/oak_trapdoor":{"criteria":{"has_planks":"2024-09-29 14:00:26 -0500"},"done":true},"minecraft:recipes/redstone/oak_fence_gate":{"criteria":{"has_planks":"2024-09-29 14:00:26 -0500"},"done":true},"minecraft:recipes/redstone/oak_pressure_plate":{"criteria":{"has_planks":"2024-09-29 14:00:26 -0500"},"done":true},"minecraft:recipes/redstone/oak_door":{"criteria":{"has_planks":"2024-09-29 14:00:26 -0500"},"done":true},"minecraft:recipes/misc/stick":{"criteria":{"has_planks":"2024-09-29 14:00:26 -0500"},"done":true},"minecraft:recipes/building_blocks/oak_stairs":{"criteria":{"has_planks":"2024-09-29 14:00:26 -0500"},"done":true},"minecraft:recipes/decorations/oak_fence":{"criteria":{"has_planks":"2024-09-29 14:00:26 -0500"},"done":true},"minecraft:recipes/decorations/barrel":{"criteria":{"has_planks":"2024-09-29 14:00:26 -0500"},"done":true},"minecraft:recipes/redstone/oak_button":{"criteria":{"has_planks":"2024-09-29 14:00:26 -0500"},"done":true},"minecraft:story/root":{"criteria":{"crafting_table":"2024-09-29 14:00:28 -0500"},"done":true},"minecraft:recipes/decorations/smoker":{"criteria":{"has_furnace":"2024-09-29 14:00:37 -0500"},"done":true},"minecraft:adventure/kill_all_mobs":{"criteria":{"minecraft:spider":"2024-09-29 14:03:35 -0500","minecraft:zombie":"2024-09-30 19:46:38 -0500","minecraft:creeper":"2024-09-30 19:48:24 -0500"},"done":false},"minecraft:adventure/kill_a_mob":{"criteria":{"minecraft:spider":"2024-09-29 14:03:35 -0500"},"done":true},"minecraft:recipes/brewing/fermented_spider_eye":{"criteria":{"has_spider_eye":"2024-09-29 14:03:37 -0500"},"done":true},"minecraft:recipes/building_blocks/coal_block":{"criteria":{"has_coal":"2024-09-29 14:06:39 -0500"},"done":true},"minecraft:recipes/misc/mojang_banner_pattern":{"criteria":{"has_enchanted_golden_apple":"2024-09-29 14:12:05 -0500"},"done":true},"minecraft:recipes/misc/gold_nugget_from_smelting":{"criteria":{"has_golden_boots":"2024-09-29 14:19:20 -0500"},"done":true},"minecraft:recipes/misc/gold_nugget_from_blasting":{"criteria":{"has_golden_boots":"2024-09-29 14:19:20 -0500"},"done":true},"minecraft:recipes/food/cooked_mutton_from_smoking":{"criteria":{"has_mutton":"2024-09-29 14:30:08 -0500"},"done":true},"minecraft:recipes/food/cooked_mutton":{"criteria":{"has_mutton":"2024-09-29 14:30:08 -0500"},"done":true},"minecraft:recipes/decorations/white_banner":{"criteria":{"has_white_wool":"2024-09-29 14:30:08 -0500"},"done":true},"minecraft:recipes/decorations/painting":{"criteria":{"has_wool":"2024-09-29 14:30:08 -0500"},"done":true},"minecraft:recipes/food/cooked_mutton_from_campfire_cooking":{"criteria":{"has_mutton":"2024-09-29 14:30:08 -0500"},"done":true},"minecraft:recipes/decorations/white_bed":{"criteria":{"has_white_wool":"2024-09-29 14:30:08 -0500"},"done":true},"minecraft:recipes/decorations/white_carpet":{"criteria":{"has_white_wool":"2024-09-29 14:30:08 -0500"},"done":true},"minecraft:recipes/decorations/composter":{"criteria":{"has_wood_slab":"2024-09-29 14:35:16 -0500"},"done":true},"minecraft:recipes/building_blocks/birch_planks":{"criteria":{"has_logs":"2024-09-30 19:44:42 -0500"},"done":true},"minecraft:recipes/building_blocks/birch_wood":{"criteria":{"has_log":"2024-09-30 19:44:42 -0500"},"done":true},"minecraft:recipes/decorations/stone_brick_wall":{"criteria":{"has_stone_bricks":"2024-09-30 19:51:43 -0500"},"done":true},"minecraft:recipes/building_blocks/stone_brick_slab_from_stone_bricks_stonecutting":{"criteria":{"has_stone_bricks":"2024-09-30 19:51:43 -0500"},"done":true},"minecraft:recipes/building_blocks/cracked_stone_bricks":{"criteria":{"has_stone_bricks":"2024-09-30 19:51:43 -0500"},"done":true},"minecraft:recipes/building_blocks/stone_brick_stairs_from_stone_bricks_stonecutting":{"criteria":{"has_stone_bricks":"2024-09-30 19:51:43 -0500"},"done":true},"minecraft:recipes/building_blocks/stone_brick_slab":{"criteria":{"has_stone_bricks":"2024-09-30 19:51:43 -0500"},"done":true},"minecraft:recipes/building_blocks/stone_brick_stairs":{"criteria":{"has_stone_bricks":"2024-09-30 19:51:43 -0500"},"done":true},"minecraft:recipes/building_blocks/chiseled_stone_bricks_from_stone_bricks_stonecutting":{"criteria":{"has_stone_bricks":"2024-09-30 19:51:43 -0500"},"done":true},"minecraft:recipes/building_blocks/chiseled_stone_bricks":{"criteria":{"has_tag":"2024-09-30 19:51:43 -0500"},"done":true},"minecraft:recipes/decorations/stone_brick_wall_from_stone_bricks_stonecutting":{"criteria":{"has_stone_bricks":"2024-09-30 19:51:43 -0500"},"done":true},"minecraft:recipes/building_blocks/stone_bricks":{"criteria":{"has_stone":"2024-09-30 19:59:03 -0500"},"done":true},"minecraft:recipes/building_blocks/stone_brick_slab_from_stone_stonecutting":{"criteria":{"has_stone":"2024-09-30 19:59:03 -0500"},"done":true},"minecraft:recipes/building_blocks/stone_brick_stairs_from_stone_stonecutting":{"criteria":{"has_stone":"2024-09-30 19:59:03 -0500"},"done":true},"minecraft:recipes/building_blocks/stone_slab_from_stone_stonecutting":{"criteria":{"has_stone":"2024-09-30 19:59:03 -0500"},"done":true},"minecraft:recipes/building_blocks/stone_bricks_from_stone_stonecutting":{"criteria":{"has_stone":"2024-09-30 19:59:03 -0500"},"done":true},"minecraft:recipes/building_blocks/stone_slab":{"criteria":{"has_stone":"2024-09-30 19:59:03 -0500"},"done":true},"minecraft:recipes/building_blocks/chiseled_stone_bricks_stone_from_stonecutting":{"criteria":{"has_stone":"2024-09-30 19:59:03 -0500"},"done":true},"minecraft:recipes/building_blocks/stone_stairs_from_stone_stonecutting":{"criteria":{"has_stone":"2024-09-30 19:59:03 -0500"},"done":true},"minecraft:recipes/redstone/stone_button":{"criteria":{"has_stone":"2024-09-30 19:59:03 -0500"},"done":true},"minecraft:recipes/decorations/stonecutter":{"criteria":{"has_stone":"2024-09-30 19:59:03 -0500"},"done":true},"minecraft:recipes/redstone/stone_pressure_plate":{"criteria":{"has_stone":"2024-09-30 19:59:03 -0500"},"done":true},"minecraft:recipes/building_blocks/smooth_stone":{"criteria":{"has_stone":"2024-09-30 19:59:03 -0500"},"done":true},"minecraft:recipes/decorations/stone_brick_walls_from_stone_stonecutting":{"criteria":{"has_stone":"2024-09-30 19:59:03 -0500"},"done":true},"minecraft:recipes/building_blocks/stone_stairs":{"criteria":{"has_stone":"2024-09-30 19:59:03 -0500"},"done":true},"minecraft:recipes/building_blocks/stripped_oak_wood":{"criteria":{"has_log":"2024-09-30 20:02:35 -0500"},"done":true},"minecraft:recipes/decorations/oak_hanging_sign":{"criteria":{"has_stripped_logs":"2024-09-30 20:02:35 -0500"},"done":true},"DataVersion":3955}