{"minecraft:recipes/decorations/crafting_table":{"criteria":{"unlock_right_away":"2024-09-27 01:44:22 -0500"},"done":true},"minecraft:adventure/adventuring_time":{"criteria":{"minecraft:deep_cold_ocean":"2024-09-27 21:34:59 -0500","minecraft:cold_ocean":"2024-09-27 21:42:00 -0500","minecraft:flower_forest":"2024-09-27 01:44:52 -0500","minecraft:beach":"2024-09-27 01:44:45 -0500","minecraft:forest":"2024-10-01 02:17:44 -0500","minecraft:ocean":"2024-09-27 21:16:40 -0500","minecraft:deep_ocean":"2024-09-27 21:31:20 -0500","minecraft:sunflower_plains":"2024-09-27 02:52:10 -0500","minecraft:river":"2024-09-27 02:45:19 -0500","minecraft:stony_shore":"2024-09-27 02:53:23 -0500","minecraft:plains":"2024-09-27 01:44:23 -0500"},"done":false},"minecraft:recipes/building_blocks/birch_planks":{"criteria":{"has_logs":"2024-09-27 01:46:16 -0500"},"done":true},"minecraft:recipes/misc/charcoal":{"criteria":{"has_log":"2024-09-27 01:46:16 -0500"},"done":true},"minecraft:recipes/building_blocks/birch_wood":{"criteria":{"has_log":"2024-09-27 01:46:16 -0500"},"done":true},"minecraft:recipes/misc/iron_nugget_from_smelting":{"criteria":{"has_iron_pickaxe":"2024-09-27 01:46:31 -0500"},"done":true},"minecraft:story/iron_tools":{"criteria":{"iron_pickaxe":"2024-09-27 01:46:31 -0500"},"done":true},"minecraft:recipes/misc/iron_nugget_from_blasting":{"criteria":{"has_iron_pickaxe":"2024-09-27 01:46:31 -0500"},"done":true},"minecraft:recipes/transportation/mangrove_boat":{"criteria":{"in_water":"2024-09-27 01:50:31 -0500"},"done":true},"minecraft:recipes/transportation/acacia_boat":{"criteria":{"in_water":"2024-09-27 01:50:31 -0500"},"done":true},"minecraft:recipes/transportation/cherry_boat":{"criteria":{"in_water":"2024-09-27 01:50:31 -0500"},"done":true},"minecraft:recipes/transportation/bamboo_raft":{"criteria":{"in_water":"2024-09-27 01:50:31 -0500"},"done":true},"minecraft:recipes/transportation/spruce_boat":{"criteria":{"in_water":"2024-09-27 01:50:31 -0500"},"done":true},"minecraft:recipes/transportation/birch_boat":{"criteria":{"in_water":"2024-09-27 01:50:31 -0500"},"done":true},"minecraft:recipes/transportation/oak_boat":{"criteria":{"in_water":"2024-09-27 01:50:31 -0500"},"done":true},"minecraft:recipes/transportation/jungle_boat":{"criteria":{"in_water":"2024-09-27 01:50:31 -0500"},"done":true},"minecraft:recipes/transportation/dark_oak_boat":{"criteria":{"in_water":"2024-09-27 01:50:31 -0500"},"done":true},"minecraft:adventure/root":{"criteria":{"killed_something":"2024-09-27 01:50:40 -0500"},"done":true},"minecraft:recipes/food/cooked_mutton_from_smoking":{"criteria":{"has_mutton":"2024-09-27 01:50:41 -0500"},"done":true},"minecraft:recipes/food/cooked_mutton":{"criteria":{"has_mutton":"2024-09-27 01:50:41 -0500"},"done":true},"minecraft:recipes/food/cooked_mutton_from_campfire_cooking":{"criteria":{"has_mutton":"2024-09-27 01:50:41 -0500"},"done":true},"minecraft:recipes/decorations/white_banner":{"criteria":{"has_white_wool":"2024-09-27 01:50:45 -0500"},"done":true},"minecraft:recipes/decorations/painting":{"criteria":{"has_wool":"2024-09-27 01:50:45 -0500"},"done":true},"minecraft:recipes/decorations/white_bed":{"criteria":{"has_white_wool":"2024-09-27 01:50:45 -0500"},"done":true},"minecraft:recipes/decorations/white_carpet":{"criteria":{"has_white_wool":"2024-09-27 01:50:45 -0500"},"done":true},"minecraft:recipes/food/cooked_chicken_from_campfire_cooking":{"criteria":{"has_chicken":"2024-09-27 01:50:57 -0500"},"done":true},"minecraft:recipes/food/cooked_chicken":{"criteria":{"has_chicken":"2024-09-27 01:50:57 -0500"},"done":true},"minecraft:recipes/food/cooked_chicken_from_smoking":{"criteria":{"has_chicken":"2024-09-27 01:50:57 -0500"},"done":true},"minecraft:recipes/combat/arrow":{"criteria":{"has_feather":"2024-09-27 01:50:57 -0500"},"done":true},"minecraft:recipes/decorations/campfire":{"criteria":{"has_coal":"2024-09-27 01:53:29 -0500"},"done":true},"minecraft:recipes/decorations/chest":{"criteria":{"has_lots_of_items":"2024-09-27 01:53:29 -0500"},"done":true},"minecraft:recipes/building_blocks/coal_block":{"criteria":{"has_coal":"2024-09-27 01:53:29 -0500"},"done":true},"minecraft:recipes/redstone/lever":{"criteria":{"has_cobblestone":"2024-09-27 01:53:39 -0500"},"done":true},"minecraft:recipes/combat/stone_sword":{"criteria":{"has_cobblestone":"2024-09-27 01:53:39 -0500"},"done":true},"minecraft:recipes/decorations/cobblestone_wall":{"criteria":{"has_cobblestone":"2024-09-27 01:53:39 -0500"},"done":true},"minecraft:recipes/tools/stone_pickaxe":{"criteria":{"has_cobblestone":"2024-09-27 01:53:39 -0500"},"done":true},"minecraft:recipes/tools/stone_axe":{"criteria":{"has_cobblestone":"2024-09-27 01:53:39 -0500"},"done":true},"minecraft:story/mine_stone":{"criteria":{"get_stone":"2024-09-27 01:53:39 -0500"},"done":true},"minecraft:recipes/decorations/furnace":{"criteria":{"has_cobblestone":"2024-09-27 01:53:39 -0500"},"done":true},"minecraft:recipes/building_blocks/cobblestone_slab":{"criteria":{"has_cobblestone":"2024-09-27 01:53:39 -0500"},"done":true},"minecraft:recipes/building_blocks/cobblestone_slab_from_cobblestone_stonecutting":{"criteria":{"has_cobblestone":"2024-09-27 01:53:39 -0500"},"done":true},"minecraft:recipes/building_blocks/stone":{"criteria":{"has_cobblestone":"2024-09-27 01:53:39 -0500"},"done":true},"minecraft:recipes/decorations/cobblestone_wall_from_cobblestone_stonecutting":{"criteria":{"has_cobblestone":"2024-09-27 01:53:39 -0500"},"done":true},"minecraft:recipes/building_blocks/cobblestone_stairs_from_cobblestone_stonecutting":{"criteria":{"has_cobblestone":"2024-09-27 01:53:39 -0500"},"done":true},"minecraft:recipes/building_blocks/cobblestone_stairs":{"criteria":{"has_cobblestone":"2024-09-27 01:53:39 -0500"},"done":true},"minecraft:recipes/tools/stone_hoe":{"criteria":{"has_cobblestone":"2024-09-27 01:53:39 -0500"},"done":true},"minecraft:recipes/tools/stone_shovel":{"criteria":{"has_cobblestone":"2024-09-27 01:53:39 -0500"},"done":true},"minecraft:adventure/sleep_in_bed":{"criteria":{"slept_in_bed":"2024-09-27 01:56:39 -0500"},"done":true},"minecraft:recipes/building_blocks/oak_planks":{"criteria":{"has_logs":"2024-09-27 02:01:19 -0500"},"done":true},"minecraft:recipes/building_blocks/oak_wood":{"criteria":{"has_log":"2024-09-27 02:01:19 -0500"},"done":true},"minecraft:husbandry/balanced_diet":{"criteria":{"cooked_porkchop":"2024-09-27 02:48:02 -0500","mutton":"2024-09-27 21:15:34 -0500","chicken":"2024-09-27 02:01:47 -0500","cooked_chicken":"2024-09-27 02:42:56 -0500","cooked_mutton":"2024-09-27 21:26:14 -0500","beef":"2024-09-27 02:28:52 -0500","porkchop":"2024-09-27 02:38:44 -0500"},"done":false},"minecraft:husbandry/root":{"criteria":{"consumed_item":"2024-09-27 02:01:47 -0500"},"done":true},"minecraft:recipes/food/cooked_porkchop":{"criteria":{"has_porkchop":"2024-09-27 02:03:19 -0500"},"done":true},"minecraft:recipes/food/cooked_porkchop_from_campfire_cooking":{"criteria":{"has_porkchop":"2024-09-27 02:03:19 -0500"},"done":true},"minecraft:recipes/food/cooked_porkchop_from_smoking":{"criteria":{"has_porkchop":"2024-09-27 02:03:19 -0500"},"done":true},"minecraft:recipes/misc/orange_dye_from_orange_tulip":{"criteria":{"has_orange_tulip":"2024-09-27 02:03:50 -0500"},"done":true},"minecraft:recipes/misc/red_dye_from_tulip":{"criteria":{"has_red_flower":"2024-09-27 02:03:59 -0500"},"done":true},"minecraft:recipes/misc/magenta_dye_from_allium":{"criteria":{"has_allium":"2024-09-27 02:04:07 -0500"},"done":true},"minecraft:recipes/misc/leather":{"criteria":{"has_rabbit_hide":"2024-09-27 02:04:27 -0500"},"done":true},"minecraft:recipes/food/cooked_rabbit":{"criteria":{"has_rabbit":"2024-09-27 02:04:27 -0500"},"done":true},"minecraft:recipes/food/cooked_rabbit_from_smoking":{"criteria":{"has_rabbit":"2024-09-27 02:04:27 -0500"},"done":true},"minecraft:recipes/food/cooked_rabbit_from_campfire_cooking":{"criteria":{"has_rabbit":"2024-09-27 02:04:27 -0500"},"done":true},"minecraft:adventure/kill_all_mobs":{"criteria":{"minecraft:skeleton":"2024-09-28 02:06:41 -0500","minecraft:zombified_piglin":"2024-10-04 00:22:05 -0500","minecraft:witch":"2024-10-01 01:56:18 -0500","minecraft:spider":"2024-09-27 02:20:29 -0500","minecraft:zombie":"2024-09-27 02:41:23 -0500","minecraft:zombie_villager":"2024-09-29 14:30:58 -0500"},"done":false},"minecraft:adventure/kill_a_mob":{"criteria":{"minecraft:spider":"2024-09-27 02:20:29 -0500"},"done":true},"minecraft:recipes/combat/bow":{"criteria":{"has_string":"2024-09-27 02:20:31 -0500"},"done":true},"minecraft:recipes/tools/fishing_rod":{"criteria":{"has_string":"2024-09-27 02:20:31 -0500"},"done":true},"minecraft:recipes/building_blocks/white_wool_from_string":{"criteria":{"has_string":"2024-09-27 02:20:31 -0500"},"done":true},"minecraft:recipes/redstone/tripwire_hook":{"criteria":{"has_string":"2024-09-27 02:20:31 -0500"},"done":true},"minecraft:recipes/combat/crossbow":{"criteria":{"has_string":"2024-09-27 02:20:31 -0500"},"done":true},"minecraft:recipes/decorations/candle":{"criteria":{"has_string":"2024-09-27 02:20:31 -0500"},"done":true},"minecraft:recipes/decorations/loom":{"criteria":{"has_string":"2024-09-27 02:20:31 -0500"},"done":true},"minecraft:recipes/building_blocks/oak_slab":{"criteria":{"has_planks":"2024-09-27 02:27:13 -0500"},"done":true},"minecraft:recipes/decorations/oak_sign":{"criteria":{"has_planks":"2024-09-27 02:27:13 -0500"},"done":true},"minecraft:recipes/redstone/oak_trapdoor":{"criteria":{"has_planks":"2024-09-27 02:27:13 -0500"},"done":true},"minecraft:recipes/redstone/oak_fence_gate":{"criteria":{"has_planks":"2024-09-27 02:27:13 -0500"},"done":true},"minecraft:recipes/redstone/oak_pressure_plate":{"criteria":{"has_planks":"2024-09-27 02:27:13 -0500"},"done":true},"minecraft:recipes/redstone/oak_door":{"criteria":{"has_planks":"2024-09-27 02:27:13 -0500"},"done":true},"minecraft:recipes/misc/stick":{"criteria":{"has_planks":"2024-09-27 02:27:13 -0500"},"done":true},"minecraft:recipes/building_blocks/oak_stairs":{"criteria":{"has_planks":"2024-09-27 02:27:13 -0500"},"done":true},"minecraft:recipes/decorations/oak_fence":{"criteria":{"has_planks":"2024-09-27 02:27:13 -0500"},"done":true},"minecraft:recipes/decorations/barrel":{"criteria":{"has_planks":"2024-09-27 02:27:13 -0500"},"done":true},"minecraft:recipes/redstone/oak_button":{"criteria":{"has_planks":"2024-09-27 02:27:13 -0500"},"done":true},"minecraft:story/root":{"criteria":{"crafting_table":"2024-09-27 02:27:20 -0500"},"done":true},"minecraft:recipes/decorations/ladder":{"criteria":{"has_stick":"2024-09-27 02:27:41 -0500"},"done":true},"minecraft:recipes/tools/wooden_hoe":{"criteria":{"has_stick":"2024-09-27 02:27:41 -0500"},"done":true},"minecraft:recipes/tools/wooden_pickaxe":{"criteria":{"has_stick":"2024-09-27 02:27:41 -0500"},"done":true},"minecraft:recipes/tools/wooden_axe":{"criteria":{"has_stick":"2024-09-27 02:27:41 -0500"},"done":true},"minecraft:recipes/tools/wooden_shovel":{"criteria":{"has_stick":"2024-09-27 02:27:41 -0500"},"done":true},"minecraft:recipes/combat/wooden_sword":{"criteria":{"has_stick":"2024-09-27 02:27:41 -0500"},"done":true},"minecraft:recipes/food/cooked_beef_from_smoking":{"criteria":{"has_beef":"2024-09-27 02:28:44 -0500"},"done":true},"minecraft:recipes/food/cooked_beef":{"criteria":{"has_beef":"2024-09-27 02:28:44 -0500"},"done":true},"minecraft:recipes/food/cooked_beef_from_campfire_cooking":{"criteria":{"has_beef":"2024-09-27 02:28:44 -0500"},"done":true},"minecraft:recipes/food/cake":{"criteria":{"has_egg":"2024-09-27 02:38:26 -0500"},"done":true},"minecraft:recipes/decorations/torch":{"criteria":{"has_stone_pickaxe":"2024-09-27 02:51:36 -0500"},"done":true},"minecraft:story/upgrade_tools":{"criteria":{"stone_pickaxe":"2024-09-27 02:51:36 -0500"},"done":true},"minecraft:recipes/misc/yellow_dye_from_sunflower":{"criteria":{"has_sunflower":"2024-09-27 02:53:18 -0500"},"done":true},"minecraft:recipes/misc/iron_ingot_from_smelting_raw_iron":{"criteria":{"has_raw_iron":"2024-09-27 02:55:31 -0500"},"done":true},"minecraft:recipes/building_blocks/raw_iron_block":{"criteria":{"has_raw_iron":"2024-09-27 02:55:31 -0500"},"done":true},"minecraft:recipes/misc/iron_ingot_from_blasting_raw_iron":{"criteria":{"has_raw_iron":"2024-09-27 02:55:31 -0500"},"done":true},"minecraft:recipes/food/dried_kelp_from_smoking":{"criteria":{"has_kelp":"2024-09-27 03:03:43 -0500"},"done":true},"minecraft:recipes/building_blocks/red_stained_glass":{"criteria":{"has_glass":"2024-09-27 03:03:43 -0500"},"done":true},"minecraft:recipes/food/dried_kelp_from_smelting":{"criteria":{"has_kelp":"2024-09-27 03:03:43 -0500"},"done":true},"minecraft:recipes/building_blocks/light_blue_stained_glass":{"criteria":{"has_glass":"2024-09-27 03:03:43 -0500"},"done":true},"minecraft:recipes/brewing/glass_bottle":{"criteria":{"has_glass":"2024-09-27 03:03:43 -0500"},"done":true},"minecraft:recipes/building_blocks/green_stained_glass":{"criteria":{"has_glass":"2024-09-27 03:03:43 -0500"},"done":true},"minecraft:recipes/building_blocks/brown_stained_glass":{"criteria":{"has_glass":"2024-09-27 03:03:43 -0500"},"done":true},"minecraft:recipes/building_blocks/light_gray_stained_glass":{"criteria":{"has_glass":"2024-09-27 03:03:43 -0500"},"done":true},"minecraft:recipes/food/dried_kelp_from_campfire_cooking":{"criteria":{"has_kelp":"2024-09-27 03:03:43 -0500"},"done":true},"minecraft:recipes/building_blocks/blue_stained_glass":{"criteria":{"has_glass":"2024-09-27 03:03:43 -0500"},"done":true},"minecraft:recipes/building_blocks/orange_stained_glass":{"criteria":{"has_glass":"2024-09-27 03:03:43 -0500"},"done":true},"minecraft:recipes/building_blocks/cyan_stained_glass":{"criteria":{"has_glass":"2024-09-27 03:03:43 -0500"},"done":true},"minecraft:recipes/building_blocks/pink_stained_glass":{"criteria":{"has_glass":"2024-09-27 03:03:43 -0500"},"done":true},"minecraft:recipes/building_blocks/black_stained_glass":{"criteria":{"has_glass":"2024-09-27 03:03:43 -0500"},"done":true},"minecraft:recipes/building_blocks/gray_stained_glass":{"criteria":{"has_glass":"2024-09-27 03:03:43 -0500"},"done":true},"minecraft:recipes/building_blocks/purple_stained_glass":{"criteria":{"has_glass":"2024-09-27 03:03:43 -0500"},"done":true},"minecraft:recipes/building_blocks/yellow_stained_glass":{"criteria":{"has_glass":"2024-09-27 03:03:43 -0500"},"done":true},"minecraft:recipes/building_blocks/lime_stained_glass":{"criteria":{"has_glass":"2024-09-27 03:03:43 -0500"},"done":true},"minecraft:recipes/decorations/glass_pane":{"criteria":{"has_glass":"2024-09-27 03:03:43 -0500"},"done":true},"minecraft:recipes/building_blocks/magenta_stained_glass":{"criteria":{"has_glass":"2024-09-27 03:03:43 -0500"},"done":true},"minecraft:recipes/building_blocks/white_stained_glass":{"criteria":{"has_glass":"2024-09-27 03:03:43 -0500"},"done":true},"minecraft:recipes/building_blocks/stone_bricks":{"criteria":{"has_stone":"2024-09-27 03:03:49 -0500"},"done":true},"minecraft:recipes/building_blocks/stone_brick_slab_from_stone_stonecutting":{"criteria":{"has_stone":"2024-09-27 03:03:49 -0500"},"done":true},"minecraft:recipes/building_blocks/stone_brick_stairs_from_stone_stonecutting":{"criteria":{"has_stone":"2024-09-27 03:03:49 -0500"},"done":true},"minecraft:recipes/building_blocks/stone_slab_from_stone_stonecutting":{"criteria":{"has_stone":"2024-09-27 03:03:49 -0500"},"done":true},"minecraft:recipes/building_blocks/stone_bricks_from_stone_stonecutting":{"criteria":{"has_stone":"2024-09-27 03:03:49 -0500"},"done":true},"minecraft:recipes/building_blocks/stone_slab":{"criteria":{"has_stone":"2024-09-27 03:03:49 -0500"},"done":true},"minecraft:recipes/building_blocks/chiseled_stone_bricks_stone_from_stonecutting":{"criteria":{"has_stone":"2024-09-27 03:03:49 -0500"},"done":true},"minecraft:recipes/building_blocks/stone_stairs_from_stone_stonecutting":{"criteria":{"has_stone":"2024-09-27 03:03:49 -0500"},"done":true},"minecraft:recipes/redstone/stone_button":{"criteria":{"has_stone":"2024-09-27 03:03:49 -0500"},"done":true},"minecraft:recipes/decorations/stonecutter":{"criteria":{"has_stone":"2024-09-27 03:03:49 -0500"},"done":true},"minecraft:recipes/redstone/stone_pressure_plate":{"criteria":{"has_stone":"2024-09-27 03:03:49 -0500"},"done":true},"minecraft:recipes/building_blocks/smooth_stone":{"criteria":{"has_stone":"2024-09-27 03:03:49 -0500"},"done":true},"minecraft:recipes/decorations/stone_brick_walls_from_stone_stonecutting":{"criteria":{"has_stone":"2024-09-27 03:03:49 -0500"},"done":true},"minecraft:recipes/building_blocks/stone_stairs":{"criteria":{"has_stone":"2024-09-27 03:03:49 -0500"},"done":true},"minecraft:recipes/misc/bone_meal":{"criteria":{"has_bone":"2024-09-27 03:09:27 -0500"},"done":true},"minecraft:recipes/decorations/gray_bed":{"criteria":{"has_gray_wool":"2024-09-27 03:16:55 -0500"},"done":true},"minecraft:recipes/decorations/gray_banner":{"criteria":{"has_gray_wool":"2024-09-27 03:16:55 -0500"},"done":true},"minecraft:recipes/decorations/gray_carpet":{"criteria":{"has_gray_wool":"2024-09-27 03:16:55 -0500"},"done":true},"minecraft:recipes/decorations/light_gray_bed":{"criteria":{"has_light_gray_wool":"2024-09-27 20:24:46 -0500"},"done":true},"minecraft:recipes/decorations/light_gray_banner":{"criteria":{"has_light_gray_wool":"2024-09-27 20:24:46 -0500"},"done":true},"minecraft:recipes/decorations/light_gray_carpet":{"criteria":{"has_light_gray_wool":"2024-09-27 20:24:46 -0500"},"done":true},"minecraft:recipes/building_blocks/andesite_stairs_from_andesite_stonecutting":{"criteria":{"has_andesite":"2024-09-27 20:46:21 -0500"},"done":true},"minecraft:recipes/building_blocks/andesite_stairs":{"criteria":{"has_andesite":"2024-09-27 20:46:21 -0500"},"done":true},"minecraft:recipes/building_blocks/polished_andesite_from_andesite_stonecutting":{"criteria":{"has_andesite":"2024-09-27 20:46:21 -0500"},"done":true},"minecraft:recipes/building_blocks/polished_andesite":{"criteria":{"has_andesite":"2024-09-27 20:46:21 -0500"},"done":true},"minecraft:recipes/decorations/andesite_wall_from_andesite_stonecutting":{"criteria":{"has_andesite":"2024-09-27 20:46:21 -0500"},"done":true},"minecraft:recipes/building_blocks/polished_andesite_slab_from_andesite_stonecutting":{"criteria":{"has_andesite":"2024-09-27 20:46:21 -0500"},"done":true},"minecraft:recipes/decorations/andesite_wall":{"criteria":{"has_andesite":"2024-09-27 20:46:21 -0500"},"done":true},"minecraft:recipes/building_blocks/andesite_slab":{"criteria":{"has_andesite":"2024-09-27 20:46:21 -0500"},"done":true},"minecraft:recipes/building_blocks/polished_andesite_stairs_from_andesite_stonecutting":{"criteria":{"has_andesite":"2024-09-27 20:46:21 -0500"},"done":true},"minecraft:recipes/building_blocks/andesite_slab_from_andesite_stonecutting":{"criteria":{"has_andesite":"2024-09-27 20:46:21 -0500"},"done":true},"minecraft:recipes/misc/blue_dye_from_cornflower":{"criteria":{"has_cornflower":"2024-09-27 21:10:18 -0500"},"done":true},"minecraft:recipes/misc/blue_dye":{"criteria":{"has_lapis_lazuli":"2024-09-27 21:16:08 -0500"},"done":true},"minecraft:recipes/building_blocks/lapis_block":{"criteria":{"has_lapis_lazuli":"2024-09-27 21:16:08 -0500"},"done":true},"minecraft:recipes/misc/magenta_dye_from_lilac":{"criteria":{"has_lilac":"2024-09-27 21:26:47 -0500"},"done":true},"minecraft:recipes/misc/flower_banner_pattern":{"criteria":{"has_oxeye_daisy":"2024-09-27 21:26:56 -0500"},"done":true},"minecraft:recipes/misc/light_gray_dye_from_oxeye_daisy":{"criteria":{"has_oxeye_daisy":"2024-09-27 21:26:56 -0500"},"done":true},"minecraft:recipes/combat/iron_sword":{"criteria":{"has_iron_ingot":"2024-09-27 21:46:11 -0500"},"done":true},"minecraft:recipes/tools/iron_pickaxe":{"criteria":{"has_iron_ingot":"2024-09-27 21:46:11 -0500"},"done":true},"minecraft:recipes/combat/iron_leggings":{"criteria":{"has_iron_ingot":"2024-09-27 21:46:11 -0500"},"done":true},"minecraft:recipes/combat/shield":{"criteria":{"has_iron_ingot":"2024-09-27 21:46:11 -0500"},"done":true},"minecraft:recipes/redstone/hopper":{"criteria":{"has_iron_ingot":"2024-09-27 21:46:11 -0500"},"done":true},"minecraft:recipes/decorations/iron_bars":{"criteria":{"has_iron_ingot":"2024-09-27 21:46:11 -0500"},"done":true},"minecraft:recipes/combat/iron_boots":{"criteria":{"has_iron_ingot":"2024-09-27 21:46:11 -0500"},"done":true},"minecraft:recipes/combat/iron_chestplate":{"criteria":{"has_iron_ingot":"2024-09-27 21:46:11 -0500"},"done":true},"minecraft:recipes/decorations/lantern":{"criteria":{"has_iron_ingot":"2024-09-27 21:46:11 -0500"},"done":true},"minecraft:recipes/misc/iron_nugget":{"criteria":{"has_iron_ingot":"2024-09-27 21:46:11 -0500"},"done":true},"minecraft:recipes/misc/bucket":{"criteria":{"has_iron_ingot":"2024-09-27 21:46:11 -0500"},"done":true},"minecraft:recipes/combat/iron_helmet":{"criteria":{"has_iron_ingot":"2024-09-27 21:46:11 -0500"},"done":true},"minecraft:recipes/transportation/minecart":{"criteria":{"has_iron_ingot":"2024-09-27 21:46:11 -0500"},"done":true},"minecraft:recipes/tools/iron_hoe":{"criteria":{"has_iron_ingot":"2024-09-27 21:46:11 -0500"},"done":true},"minecraft:recipes/tools/iron_shovel":{"criteria":{"has_iron_ingot":"2024-09-27 21:46:11 -0500"},"done":true},"minecraft:story/smelt_iron":{"criteria":{"iron":"2024-09-27 21:46:11 -0500"},"done":true},"minecraft:recipes/tools/shears":{"criteria":{"has_iron_ingot":"2024-09-27 21:46:11 -0500"},"done":true},"minecraft:recipes/redstone/iron_trapdoor":{"criteria":{"has_iron_ingot":"2024-09-27 21:46:11 -0500"},"done":true},"minecraft:recipes/decorations/chain":{"criteria":{"has_iron_ingot":"2024-09-27 21:46:11 -0500"},"done":true},"minecraft:recipes/building_blocks/iron_block":{"criteria":{"has_iron_ingot":"2024-09-27 21:46:11 -0500"},"done":true},"minecraft:recipes/tools/iron_axe":{"criteria":{"has_iron_ingot":"2024-09-27 21:46:11 -0500"},"done":true},"minecraft:recipes/decorations/smithing_table":{"criteria":{"has_iron_ingot":"2024-09-27 21:46:11 -0500"},"done":true},"minecraft:recipes/redstone/iron_door":{"criteria":{"has_iron_ingot":"2024-09-27 21:46:11 -0500"},"done":true},"minecraft:recipes/redstone/heavy_weighted_pressure_plate":{"criteria":{"has_iron_ingot":"2024-09-27 21:46:11 -0500"},"done":true},"minecraft:recipes/misc/sugar_from_sugar_cane":{"criteria":{"has_sugar_cane":"2024-09-28 01:41:58 -0500"},"done":true},"minecraft:recipes/misc/paper":{"criteria":{"has_reeds":"2024-09-28 01:41:58 -0500"},"done":true},"minecraft:recipes/misc/black_dye":{"criteria":{"has_ink_sac":"2024-09-28 01:42:37 -0500"},"done":true},"minecraft:story/obtain_armor":{"criteria":{"iron_boots":"2024-09-28 02:08:39 -0500"},"done":true},"minecraft:recipes/misc/mojang_banner_pattern":{"criteria":{"has_enchanted_golden_apple":"2024-09-29 14:20:31 -0500"},"done":true},"minecraft:recipes/misc/pink_dye_from_pink_tulip":{"criteria":{"has_pink_tulip":"2024-09-29 14:36:50 -0500"},"done":true},"minecraft:recipes/redstone/dispenser":{"criteria":{"has_bow":"2024-09-29 14:37:03 -0500"},"done":true},"minecraft:recipes/building_blocks/dye_magenta_bed":{"criteria":{"has_needed_dye":"2024-09-29 14:42:43 -0500"},"done":true},"minecraft:recipes/building_blocks/dye_magenta_wool":{"criteria":{"has_needed_dye":"2024-09-29 14:42:43 -0500"},"done":true},"minecraft:recipes/building_blocks/dye_magenta_carpet":{"criteria":{"has_needed_dye":"2024-09-29 14:42:43 -0500"},"done":true},"minecraft:recipes/decorations/magenta_stained_glass_pane_from_glass_pane":{"criteria":{"has_magenta_dye":"2024-09-29 14:42:43 -0500"},"done":true},"minecraft:recipes/decorations/magenta_candle":{"criteria":{"has_magenta_dye":"2024-09-29 14:42:43 -0500"},"done":true},"minecraft:recipes/building_blocks/dye_red_bed":{"criteria":{"has_needed_dye":"2024-09-29 14:42:48 -0500"},"done":true},"minecraft:recipes/building_blocks/dye_red_wool":{"criteria":{"has_needed_dye":"2024-09-29 14:42:48 -0500"},"done":true},"minecraft:recipes/misc/purple_dye":{"criteria":{"has_red_dye":"2024-09-29 14:42:48 -0500"},"done":true},"minecraft:recipes/misc/orange_dye_from_red_yellow":{"criteria":{"has_red_dye":"2024-09-29 14:42:48 -0500"},"done":true},"minecraft:recipes/decorations/red_candle":{"criteria":{"has_red_dye":"2024-09-29 14:42:48 -0500"},"done":true},"minecraft:recipes/misc/magenta_dye_from_blue_red_pink":{"criteria":{"has_red_dye":"2024-09-29 14:42:48 -0500"},"done":true},"minecraft:recipes/decorations/red_stained_glass_pane_from_glass_pane":{"criteria":{"has_red_dye":"2024-09-29 14:42:48 -0500"},"done":true},"minecraft:recipes/misc/pink_dye_from_red_white_dye":{"criteria":{"has_red_dye":"2024-09-29 14:42:48 -0500"},"done":true},"minecraft:recipes/building_blocks/dye_red_carpet":{"criteria":{"has_needed_dye":"2024-09-29 14:42:48 -0500"},"done":true},"minecraft:recipes/misc/magenta_dye_from_blue_red_white_dye":{"criteria":{"has_rose_red":"2024-09-29 14:42:48 -0500"},"done":true},"minecraft:recipes/decorations/pink_candle":{"criteria":{"has_pink_dye":"2024-09-29 14:42:59 -0500"},"done":true},"minecraft:recipes/building_blocks/dye_pink_wool":{"criteria":{"has_needed_dye":"2024-09-29 14:42:59 -0500"},"done":true},"minecraft:recipes/building_blocks/dye_pink_bed":{"criteria":{"has_needed_dye":"2024-09-29 14:42:59 -0500"},"done":true},"minecraft:recipes/misc/magenta_dye_from_purple_and_pink":{"criteria":{"has_pink_dye":"2024-09-29 14:42:59 -0500"},"done":true},"minecraft:recipes/building_blocks/dye_pink_carpet":{"criteria":{"has_needed_dye":"2024-09-29 14:42:59 -0500"},"done":true},"minecraft:recipes/decorations/pink_stained_glass_pane_from_glass_pane":{"criteria":{"has_pink_dye":"2024-09-29 14:42:59 -0500"},"done":true},"minecraft:recipes/building_blocks/dye_light_gray_bed":{"criteria":{"has_needed_dye":"2024-09-29 14:43:02 -0500"},"done":true},"minecraft:recipes/building_blocks/dye_light_gray_wool":{"criteria":{"has_needed_dye":"2024-09-29 14:43:02 -0500"},"done":true},"minecraft:recipes/decorations/light_gray_stained_glass_pane_from_glass_pane":{"criteria":{"has_light_gray_dye":"2024-09-29 14:43:02 -0500"},"done":true},"minecraft:recipes/decorations/light_gray_candle":{"criteria":{"has_light_gray_dye":"2024-09-29 14:43:02 -0500"},"done":true},"minecraft:recipes/building_blocks/dye_light_gray_carpet":{"criteria":{"has_needed_dye":"2024-09-29 14:43:02 -0500"},"done":true},"minecraft:recipes/decorations/orange_candle":{"criteria":{"has_orange_dye":"2024-09-29 14:43:09 -0500"},"done":true},"minecraft:recipes/building_blocks/dye_orange_bed":{"criteria":{"has_needed_dye":"2024-09-29 14:43:09 -0500"},"done":true},"minecraft:recipes/building_blocks/dye_orange_carpet":{"criteria":{"has_needed_dye":"2024-09-29 14:43:09 -0500"},"done":true},"minecraft:recipes/building_blocks/dye_orange_wool":{"criteria":{"has_needed_dye":"2024-09-29 14:43:09 -0500"},"done":true},"minecraft:recipes/decorations/orange_stained_glass_pane_from_glass_pane":{"criteria":{"has_orange_dye":"2024-09-29 14:43:09 -0500"},"done":true},"minecraft:recipes/building_blocks/dye_blue_wool":{"criteria":{"has_needed_dye":"2024-09-29 14:43:16 -0500"},"done":true},"minecraft:recipes/misc/light_blue_dye_from_blue_white_dye":{"criteria":{"has_blue_dye":"2024-09-29 14:43:16 -0500"},"done":true},"minecraft:recipes/misc/cyan_dye":{"criteria":{"has_blue_dye":"2024-09-29 14:43:16 -0500"},"done":true},"minecraft:recipes/building_blocks/dye_blue_carpet":{"criteria":{"has_needed_dye":"2024-09-29 14:43:16 -0500"},"done":true},"minecraft:recipes/decorations/blue_candle":{"criteria":{"has_blue_dye":"2024-09-29 14:43:16 -0500"},"done":true},"minecraft:recipes/decorations/blue_stained_glass_pane_from_glass_pane":{"criteria":{"has_blue_dye":"2024-09-29 14:43:16 -0500"},"done":true},"minecraft:recipes/building_blocks/dye_blue_bed":{"criteria":{"has_needed_dye":"2024-09-29 14:43:16 -0500"},"done":true},"minecraft:recipes/misc/gold_nugget_from_smelting":{"criteria":{"has_golden_boots":"2024-09-29 14:49:43 -0500"},"done":true},"minecraft:recipes/misc/gold_nugget_from_blasting":{"criteria":{"has_golden_boots":"2024-09-29 14:49:43 -0500"},"done":true},"minecraft:recipes/brewing/fermented_spider_eye":{"criteria":{"has_spider_eye":"2024-09-29 14:49:44 -0500"},"done":true},"minecraft:recipes/decorations/smoker":{"criteria":{"has_furnace":"2024-09-29 14:49:44 -0500"},"done":true},"minecraft:recipes/decorations/stone_brick_wall":{"criteria":{"has_stone_bricks":"2024-09-29 15:08:06 -0500"},"done":true},"minecraft:recipes/building_blocks/stone_brick_slab_from_stone_bricks_stonecutting":{"criteria":{"has_stone_bricks":"2024-09-29 15:08:06 -0500"},"done":true},"minecraft:recipes/building_blocks/cracked_stone_bricks":{"criteria":{"has_stone_bricks":"2024-09-29 15:08:06 -0500"},"done":true},"minecraft:recipes/building_blocks/stone_brick_stairs_from_stone_bricks_stonecutting":{"criteria":{"has_stone_bricks":"2024-09-29 15:08:06 -0500"},"done":true},"minecraft:recipes/building_blocks/stone_brick_slab":{"criteria":{"has_stone_bricks":"2024-09-29 15:08:06 -0500"},"done":true},"minecraft:recipes/building_blocks/stone_brick_stairs":{"criteria":{"has_stone_bricks":"2024-09-29 15:08:06 -0500"},"done":true},"minecraft:recipes/building_blocks/chiseled_stone_bricks_from_stone_bricks_stonecutting":{"criteria":{"has_stone_bricks":"2024-09-29 15:08:06 -0500"},"done":true},"minecraft:recipes/building_blocks/chiseled_stone_bricks":{"criteria":{"has_tag":"2024-09-29 15:08:06 -0500"},"done":true},"minecraft:recipes/decorations/stone_brick_wall_from_stone_bricks_stonecutting":{"criteria":{"has_stone_bricks":"2024-09-29 15:08:06 -0500"},"done":true},"minecraft:recipes/building_blocks/stripped_oak_wood":{"criteria":{"has_log":"2024-09-29 15:15:40 -0500"},"done":true},"minecraft:recipes/decorations/oak_hanging_sign":{"criteria":{"has_stripped_logs":"2024-09-29 15:15:40 -0500"},"done":true},"minecraft:recipes/brewing/cauldron":{"criteria":{"has_water_bucket":"2024-09-30 01:19:29 -0500"},"done":true},"minecraft:recipes/building_blocks/lime_concrete_powder":{"criteria":{"has_gravel":"2024-10-01 00:49:10 -0500"},"done":true},"minecraft:recipes/building_blocks/coarse_dirt":{"criteria":{"has_gravel":"2024-10-01 00:49:10 -0500"},"done":true},"minecraft:recipes/building_blocks/light_gray_concrete_powder":{"criteria":{"has_gravel":"2024-10-01 00:49:10 -0500"},"done":true},"minecraft:recipes/building_blocks/pink_concrete_powder":{"criteria":{"has_gravel":"2024-10-01 00:49:10 -0500"},"done":true},"minecraft:recipes/building_blocks/orange_concrete_powder":{"criteria":{"has_gravel":"2024-10-01 00:49:10 -0500"},"done":true},"minecraft:recipes/building_blocks/red_concrete_powder":{"criteria":{"has_gravel":"2024-10-01 00:49:10 -0500"},"done":true},"minecraft:recipes/building_blocks/magenta_concrete_powder":{"criteria":{"has_gravel":"2024-10-01 00:49:10 -0500"},"done":true},"minecraft:recipes/building_blocks/brown_concrete_powder":{"criteria":{"has_gravel":"2024-10-01 00:49:10 -0500"},"done":true},"minecraft:recipes/building_blocks/light_blue_concrete_powder":{"criteria":{"has_gravel":"2024-10-01 00:49:10 -0500"},"done":true},"minecraft:recipes/building_blocks/green_concrete_powder":{"criteria":{"has_gravel":"2024-10-01 00:49:10 -0500"},"done":true},"minecraft:recipes/building_blocks/blue_concrete_powder":{"criteria":{"has_gravel":"2024-10-01 00:49:10 -0500"},"done":true},"minecraft:recipes/building_blocks/yellow_concrete_powder":{"criteria":{"has_gravel":"2024-10-01 00:49:10 -0500"},"done":true},"minecraft:recipes/building_blocks/white_concrete_powder":{"criteria":{"has_gravel":"2024-10-01 00:49:10 -0500"},"done":true},"minecraft:recipes/building_blocks/gray_concrete_powder":{"criteria":{"has_gravel":"2024-10-01 00:49:10 -0500"},"done":true},"minecraft:recipes/building_blocks/black_concrete_powder":{"criteria":{"has_gravel":"2024-10-01 00:49:10 -0500"},"done":true},"minecraft:recipes/building_blocks/purple_concrete_powder":{"criteria":{"has_gravel":"2024-10-01 00:49:10 -0500"},"done":true},"minecraft:recipes/building_blocks/cyan_concrete_powder":{"criteria":{"has_gravel":"2024-10-01 00:49:10 -0500"},"done":true},"minecraft:husbandry/plant_seed":{"criteria":{"wheat":"2024-10-01 00:56:33 -0500"},"done":true},"minecraft:recipes/decorations/black_bed":{"criteria":{"has_black_wool":"2024-10-01 01:34:15 -0500"},"done":true},"minecraft:recipes/decorations/black_carpet":{"criteria":{"has_black_wool":"2024-10-01 01:34:15 -0500"},"done":true},"minecraft:recipes/decorations/black_banner":{"criteria":{"has_black_wool":"2024-10-01 01:34:15 -0500"},"done":true},"minecraft:recipes/food/bread":{"criteria":{"has_wheat":"2024-10-01 01:35:36 -0500"},"done":true},"minecraft:recipes/building_blocks/hay_block":{"criteria":{"has_wheat":"2024-10-01 01:35:36 -0500"},"done":true},"minecraft:recipes/misc/copper_ingot_from_blasting_raw_copper":{"criteria":{"has_raw_copper":"2024-10-01 01:42:27 -0500"},"done":true},"minecraft:recipes/building_blocks/raw_copper_block":{"criteria":{"has_raw_copper":"2024-10-01 01:42:27 -0500"},"done":true},"minecraft:recipes/misc/copper_ingot_from_smelting_raw_copper":{"criteria":{"has_raw_copper":"2024-10-01 01:42:27 -0500"},"done":true},"minecraft:recipes/redstone/redstone_torch":{"criteria":{"has_redstone":"2024-10-01 01:56:19 -0500"},"done":true},"minecraft:recipes/tools/clock":{"criteria":{"has_redstone":"2024-10-01 01:56:19 -0500"},"done":true},"minecraft:recipes/redstone/dropper":{"criteria":{"has_redstone":"2024-10-01 01:56:19 -0500"},"done":true},"minecraft:recipes/redstone/redstone_block":{"criteria":{"has_redstone":"2024-10-01 01:56:19 -0500"},"done":true},"minecraft:recipes/misc/firework_rocket_simple":{"criteria":{"has_gunpowder":"2024-10-01 01:56:19 -0500"},"done":true},"minecraft:recipes/redstone/note_block":{"criteria":{"has_redstone":"2024-10-01 01:56:19 -0500"},"done":true},"minecraft:recipes/redstone/tnt":{"criteria":{"has_gunpowder":"2024-10-01 01:56:19 -0500"},"done":true},"minecraft:recipes/redstone/target":{"criteria":{"has_redstone":"2024-10-01 01:56:19 -0500"},"done":true},"minecraft:recipes/tools/compass":{"criteria":{"has_redstone":"2024-10-01 01:56:19 -0500"},"done":true},"minecraft:recipes/redstone/piston":{"criteria":{"has_redstone":"2024-10-01 01:56:19 -0500"},"done":true},"minecraft:recipes/misc/red_dye_from_poppy":{"criteria":{"has_poppy":"2024-10-01 02:03:50 -0500"},"done":true},"minecraft:recipes/misc/light_gray_dye_from_azure_bluet":{"criteria":{"has_azure_bluet":"2024-10-01 02:03:53 -0500"},"done":true},"minecraft:recipes/misc/yellow_dye_from_dandelion":{"criteria":{"has_dandelion":"2024-10-01 02:03:53 -0500"},"done":true},"minecraft:recipes/building_blocks/glass":{"criteria":{"has_smelts_to_glass":"2024-10-01 02:09:19 -0500"},"done":true},"minecraft:recipes/building_blocks/sandstone":{"criteria":{"has_sand":"2024-10-01 02:09:19 -0500"},"done":true},"minecraft:recipes/decorations/yellow_candle":{"criteria":{"has_yellow_dye":"2024-10-01 02:16:15 -0500"},"done":true},"minecraft:recipes/building_blocks/dye_yellow_carpet":{"criteria":{"has_needed_dye":"2024-10-01 02:16:15 -0500"},"done":true},"minecraft:recipes/decorations/yellow_stained_glass_pane_from_glass_pane":{"criteria":{"has_yellow_dye":"2024-10-01 02:16:15 -0500"},"done":true},"minecraft:recipes/building_blocks/dye_yellow_wool":{"criteria":{"has_needed_dye":"2024-10-01 02:16:15 -0500"},"done":true},"minecraft:recipes/building_blocks/dye_yellow_bed":{"criteria":{"has_needed_dye":"2024-10-01 02:16:15 -0500"},"done":true},"minecraft:recipes/food/cooked_salmon_from_smoking":{"criteria":{"has_salmon":"2024-10-01 02:21:34 -0500"},"done":true},"minecraft:recipes/food/cooked_salmon_from_campfire_cooking":{"criteria":{"has_salmon":"2024-10-01 02:21:34 -0500"},"done":true},"minecraft:recipes/food/cooked_salmon":{"criteria":{"has_salmon":"2024-10-01 02:21:34 -0500"},"done":true},"minecraft:recipes/decorations/blue_bed":{"criteria":{"has_blue_wool":"2024-10-01 02:25:27 -0500"},"done":true},"minecraft:recipes/decorations/blue_carpet":{"criteria":{"has_blue_wool":"2024-10-01 02:25:27 -0500"},"done":true},"minecraft:recipes/decorations/blue_banner":{"criteria":{"has_blue_wool":"2024-10-01 02:25:27 -0500"},"done":true},"minecraft:recipes/redstone/birch_button":{"criteria":{"has_planks":"2024-10-01 02:26:21 -0500"},"done":true},"minecraft:recipes/redstone/birch_door":{"criteria":{"has_planks":"2024-10-01 02:26:21 -0500"},"done":true},"minecraft:recipes/decorations/birch_fence":{"criteria":{"has_planks":"2024-10-01 02:26:21 -0500"},"done":true},"minecraft:recipes/redstone/birch_trapdoor":{"criteria":{"has_planks":"2024-10-01 02:26:21 -0500"},"done":true},"minecraft:recipes/decorations/birch_sign":{"criteria":{"has_planks":"2024-10-01 02:26:21 -0500"},"done":true},"minecraft:recipes/redstone/birch_fence_gate":{"criteria":{"has_planks":"2024-10-01 02:26:21 -0500"},"done":true},"minecraft:recipes/redstone/birch_pressure_plate":{"criteria":{"has_planks":"2024-10-01 02:26:21 -0500"},"done":true},"minecraft:recipes/building_blocks/birch_slab":{"criteria":{"has_planks":"2024-10-01 02:26:21 -0500"},"done":true},"minecraft:recipes/building_blocks/birch_stairs":{"criteria":{"has_planks":"2024-10-01 02:26:21 -0500"},"done":true},"minecraft:recipes/building_blocks/dye_purple_wool":{"criteria":{"has_needed_dye":"2024-10-01 02:27:05 -0500"},"done":true},"minecraft:recipes/decorations/purple_stained_glass_pane_from_glass_pane":{"criteria":{"has_purple_dye":"2024-10-01 02:27:05 -0500"},"done":true},"minecraft:recipes/building_blocks/dye_purple_carpet":{"criteria":{"has_needed_dye":"2024-10-01 02:27:05 -0500"},"done":true},"minecraft:recipes/decorations/purple_candle":{"criteria":{"has_purple_dye":"2024-10-01 02:27:05 -0500"},"done":true},"minecraft:recipes/building_blocks/dye_purple_bed":{"criteria":{"has_needed_dye":"2024-10-01 02:27:05 -0500"},"done":true},"minecraft:recipes/decorations/lime_stained_glass_pane_from_glass_pane":{"criteria":{"has_glass_pane":"2024-10-01 02:31:10 -0500"},"done":true},"minecraft:recipes/decorations/black_stained_glass_pane_from_glass_pane":{"criteria":{"has_glass_pane":"2024-10-01 02:31:10 -0500"},"done":true},"minecraft:recipes/decorations/brown_stained_glass_pane_from_glass_pane":{"criteria":{"has_glass_pane":"2024-10-01 02:31:10 -0500"},"done":true},"minecraft:recipes/decorations/cyan_stained_glass_pane_from_glass_pane":{"criteria":{"has_glass_pane":"2024-10-01 02:31:10 -0500"},"done":true},"minecraft:recipes/decorations/light_blue_stained_glass_pane_from_glass_pane":{"criteria":{"has_glass_pane":"2024-10-01 02:31:10 -0500"},"done":true},"minecraft:recipes/decorations/green_stained_glass_pane_from_glass_pane":{"criteria":{"has_glass_pane":"2024-10-01 02:31:10 -0500"},"done":true},"minecraft:recipes/decorations/white_stained_glass_pane_from_glass_pane":{"criteria":{"has_glass_pane":"2024-10-01 02:31:10 -0500"},"done":true},"minecraft:recipes/decorations/gray_stained_glass_pane_from_glass_pane":{"criteria":{"has_glass_pane":"2024-10-01 02:31:10 -0500"},"done":true},"minecraft:recipes/misc/light_gray_dye_from_white_tulip":{"criteria":{"has_white_tulip":"2024-10-04 00:18:48 -0500"},"done":true},"DataVersion":3955}